class,predictions
0,[0.9218313  0.34927493]
0,[ 3.2498577 -3.2422566]
0,[ 3.779715  -3.5252247]
0,[ 3.0892658 -3.652797 ]
1,[-0.9668434  1.5576874]
0,[ 1.5114832  -0.19890392]
1,[-1.8409582  2.8712428]
0,[ 2.0318134 -1.3946291]
0,[-0.21580943  0.8263592 ]
1,[-2.190308   3.2363243]
0,[ 1.415167  -1.6673071]
0,[ 2.3757    -2.8955355]
0,[ 1.7470318 -2.0094564]
0,[ 3.0874083 -3.046933 ]
0,[ 1.875773  -1.2178469]
0,[ 2.2996955 -2.8508055]
0,[ 2.1989946 -2.1196396]
0,[ 2.457661  -2.3696785]
1,[0.00990637 0.14801212]
0,[ 1.3433354 -1.1893495]
0,[ 2.0564842 -2.175338 ]
0,[ 3.5689816 -3.5063138]
0,[ 1.6609933 -1.6186031]
0,[ 2.3588877 -2.342818 ]
1,[-0.76010144  1.2402838 ]
0,[ 1.8370888 -0.6204943]
0,[ 3.0196157 -3.2135558]
0,[ 2.8558087 -2.2997897]
0,[ 3.1498158 -2.8077364]
0,[ 1.7534076 -1.4757801]
0,[ 2.0921857 -2.0622678]
0,[ 1.8096473 -2.460498 ]
0,[ 2.7106435 -2.720339 ]
0,[ 1.1304026 -1.0664278]
0,[ 2.764278  -2.8202147]
0,[ 3.3808036 -3.250721 ]
0,[ 1.8972689 -2.5165238]
0,[ 2.8051434 -2.323933 ]
0,[ 1.6318376 -1.5939013]
0,[ 2.3821008 -2.0677025]
0,[ 2.2015262 -1.7089148]
0,[ 3.2663422 -3.0887706]
0,[ 3.4266195 -3.807218 ]
0,[ 2.6955702 -2.0754726]
0,[ 2.3512144 -2.9390974]
0,[ 2.795646 -2.00659 ]
0,[ 1.6074371 -1.7975508]
0,[ 1.6280564 -1.2687144]
0,[ 2.883407 -3.031626]
1,[-1.5497456  1.7316685]
0,[ 3.4217043 -3.2119203]
0,[ 1.8013147 -1.3584943]
0,[ 1.2265074 -0.8372883]
0,[ 1.0565537 -0.4517676]
0,[ 1.4970881 -1.92621  ]
0,[ 2.575099  -1.9603974]
0,[ 3.3959   -2.897664]
0,[ 3.6026046 -3.5740592]
0,[ 2.8914711 -2.865618 ]
0,[ 1.7685809 -1.7329073]
0,[ 2.628282  -1.3792343]
0,[ 2.0329525 -1.9715811]
0,[ 1.9414495 -1.8942729]
0,[ 2.0720117 -2.9727182]
0,[ 2.3021965 -1.909218 ]
0,[ 1.9464511 -1.366205 ]
0,[ 1.5937412 -1.7572393]
0,[ 1.976383  -1.5928706]
1,[0.08798343 1.2127663 ]
0,[ 1.2243853 -0.7384652]
0,[ 2.6512966 -2.4752316]
0,[ 1.696407  -1.4501513]
0,[ 3.147367  -2.9863968]
0,[ 0.7384655  -0.41554984]
0,[ 3.111847 -3.623136]
0,[ 1.2194439 -0.9506463]
0,[ 1.4257346 -1.2052737]
0,[ 2.9235039 -2.6370842]
0,[ 3.1880436 -2.5267293]
0,[-0.2368091  -0.07739308]
0,[ 2.1332603 -1.8878905]
0,[ 1.9372929 -2.167065 ]
0,[ 2.3891997 -2.373176 ]
0,[ 2.6149805 -2.571474 ]
0,[ 1.5387676  -0.95974773]
0,[ 0.8509054  -0.38853058]
0,[ 2.8304274 -3.111935 ]
1,[-1.658396   2.0314186]
0,[ 3.0927577 -3.4954898]
0,[ 2.9266896 -2.7272377]
0,[ 3.102819  -3.1864529]
0,[ 3.5855868 -2.9504716]
0,[ 0.65701824 -0.7110459 ]
0,[ 2.032505  -1.7869676]
0,[ 2.4849043 -2.4194899]
0,[ 1.4605846  -0.89374274]
0,[ 2.7015886 -3.0685263]
0,[ 3.1056256 -2.4181032]
0,[ 2.9286172 -3.2546477]
0,[ 0.8375953 -1.3105589]
1,[-2.8758798  4.9422097]
0,[ 2.3035414 -2.113576 ]
0,[ 1.5912269 -2.1711762]
0,[ 4.8615174 -3.9761343]
0,[ 3.7254486 -3.1617513]
0,[ 3.0922787 -2.9524643]
0,[ 1.9354732 -1.5360271]
0,[ 1.9914973 -1.634843 ]
0,[ 1.9164029 -1.9629534]
1,[ 0.21933523 -0.30426022]
0,[ 1.3955128 -1.1723024]
0,[ 2.1710694 -1.6453824]
0,[ 2.4664123 -2.4232466]
0,[ 4.0928016 -3.0576606]
0,[ 1.3780909 -1.8312291]
0,[ 3.7670524 -2.6164694]
0,[ 3.5179238 -3.29711  ]
0,[-0.5113529   0.94087094]
0,[ 3.4666598 -2.049281 ]
0,[ 2.291315  -1.5930364]
0,[ 2.3115811 -2.2522168]
0,[ 0.74576676 -0.78328204]
0,[ 1.5865893 -1.9625893]
0,[ 2.4860096 -2.7254682]
1,[-0.9666212  2.0853016]
0,[ 2.8249614 -2.2676902]
1,[-0.4359357  1.04223  ]
0,[ 0.70298344 -0.13259612]
0,[ 2.4839103 -2.5886867]
0,[ 1.9665942 -1.9168395]
0,[ 2.0630543 -1.7276331]
0,[ 1.7824161 -1.691988 ]
1,[-1.2758598  1.9009436]
0,[0.24368814 0.382014  ]
0,[ 1.4465594 -1.8604976]
0,[ 3.8206568 -3.739555 ]
0,[ 1.7590919 -1.8223206]
0,[ 1.3536402 -1.366337 ]
0,[ 3.0218325 -3.3187413]
0,[ 2.4674218 -2.2164824]
0,[ 1.5498352 -2.1675005]
0,[ 3.045815  -2.3898983]
0,[ 0.0884268  -0.04630595]
0,[ 1.4039125 -1.5916823]
0,[ 1.3474808 -1.1535327]
0,[-0.37479565 -0.31352565]
1,[-2.8637843  3.8841863]
0,[-0.13490057  0.63663214]
0,[ 3.1949997 -1.9614412]
0,[ 3.5572665 -3.118062 ]
0,[ 3.7799938 -2.8529935]
0,[ 2.7686744 -1.9053748]
0,[ 3.002351 -2.550397]
0,[ 1.4824442 -1.6455485]
0,[ 4.2804294 -3.4399674]
0,[ 0.29476503 -0.19426215]
0,[ 2.861522  -2.4474595]
0,[ 2.5632644 -2.2959273]
1,[-2.150687   3.0323358]
0,[ 3.4749963 -2.6765306]
0,[-0.14017919  0.8084999 ]
1,[-2.562756   2.9770744]
0,[ 1.5894037 -1.213251 ]
0,[0.27147356 0.8446694 ]
0,[ 2.7515523 -2.9078112]
0,[ 2.1396694 -1.9941168]
0,[ 4.496809  -2.9453933]
0,[-0.3460728  1.4963121]
0,[ 3.384628 -3.051859]
0,[ 2.2128427 -1.8771487]
0,[ 2.9101434 -2.9333086]
0,[ 1.3797925 -1.0252393]
0,[ 2.4914832 -3.3818398]
0,[ 0.32706252 -0.02478238]
0,[ 1.6392432 -1.546187 ]
0,[ 2.462137 -1.327644]
0,[ 0.7916367  -0.90526396]
0,[ 2.3728724 -2.2482712]
0,[ 2.7816129 -2.7113347]
0,[ 1.8612378 -2.205268 ]
0,[ 0.3527176  -0.43027374]
0,[ 3.3086367 -3.6572893]
1,[-2.5099163  3.2959437]
0,[ 3.0318735 -3.0365725]
0,[ 3.4170256 -3.303689 ]
0,[ 1.3269789 -2.040768 ]
0,[ 2.4892097 -2.329017 ]
0,[ 2.1576853 -3.0596275]
0,[ 0.7508425  -0.52836907]
0,[ 3.2362986 -2.3948483]
0,[ 0.95521736 -0.91442233]
0,[ 3.269869  -3.4111478]
0,[ 3.8204389 -3.5868278]
0,[ 1.1550947 -2.1276553]
0,[ 2.29778   -2.2755759]
0,[ 1.6253738 -1.461921 ]
0,[ 1.553025  -1.7831811]
0,[-0.36321637 -0.4127907 ]
0,[ 4.333166  -3.8721025]
1,[-2.7967606  4.1264844]
0,[ 1.5691154 -1.7555628]
0,[ 2.6178467 -2.32771  ]
0,[ 1.5220363 -1.4973971]
0,[ 2.578144  -2.0049698]
0,[ 2.5050128 -2.9576688]
0,[ 2.2558355 -2.7928128]
0,[ 3.4550354 -3.5314002]
0,[ 1.9063803 -1.3513867]
0,[ 2.9908864 -2.926135 ]
0,[ 2.1137018 -1.8066509]
0,[ 2.2299209 -1.77972  ]
0,[ 1.638225  -1.3953656]
0,[-2.1906312  2.6686785]
0,[0.03622556 0.18202226]
0,[ 2.0956573 -1.4588077]
0,[ 1.0910363  -0.09399242]
0,[ 2.2841165 -2.2387872]
0,[ 2.175704 -2.454033]
0,[ 2.803956  -2.2489867]
0,[ 1.5139652 -1.0817382]
0,[ 1.1064527 -1.1283346]
0,[ 3.6369123 -2.3610802]
0,[ 2.041654  -1.8700919]
0,[ 2.9879718 -3.1382182]
0,[ 4.4952273 -3.769842 ]
0,[ 3.3097973 -2.5274014]
1,[-2.9175675  3.7161465]
0,[ 3.2372003 -3.087678 ]
0,[ 2.7193227 -2.5624135]
0,[ 2.79545   -2.4140894]
0,[ 2.8662643 -1.3429945]
0,[ 2.741982 -1.751124]
0,[ 3.534272 -3.807414]
0,[ 2.4417505 -2.4538145]
0,[ 1.9389073  -0.86296344]
0,[ 3.3482814 -2.8641858]
0,[ 1.8480365 -2.499314 ]
0,[ 1.764123  -1.6887711]
0,[ 1.8886698 -1.4840537]
0,[ 2.3369284 -2.575845 ]
0,[ 1.8465112 -1.8125106]
0,[ 3.022512  -3.0784037]
0,[ 2.830551  -3.0484786]
0,[ 2.812021  -2.4666288]
0,[ 1.1415501  -0.27761096]
0,[ 2.1895764 -1.5810475]
0,[ 3.6548624 -2.577598 ]
0,[ 1.6862594 -2.0233622]
0,[ 3.4450507 -3.2147086]
0,[ 2.2046807 -2.981676 ]
0,[ 1.391236  -0.0762988]
0,[ 2.7669222 -1.0983992]
0,[ 2.687472  -3.2020016]
0,[ 3.3539925 -2.6160018]
0,[ 3.2465165 -3.2099965]
1,[-0.75233    1.4541448]
0,[ 0.21246716 -0.8403452 ]
0,[ 2.1606302 -2.4258082]
0,[ 2.1082122 -2.1776333]
0,[ 2.7988744 -2.0394852]
0,[ 2.0196319 -1.0282717]
0,[ 3.7987318 -3.9456208]
0,[ 2.0184057 -1.6481596]
0,[ 1.8696902 -1.7730113]
0,[ 2.9338393 -3.205761 ]
0,[ 2.005519 -3.051884]
0,[ 1.9061365 -1.1523036]
0,[ 3.7661374 -3.412364 ]
1,[-1.4371911  2.0368059]
0,[ 3.000963  -2.5065644]
0,[ 1.4922028 -2.0458922]
0,[ 3.3111029 -2.8439348]
0,[ 0.5383969  -0.87473327]
0,[ 1.5941262 -1.221819 ]
0,[ 3.6867874 -2.9914148]
0,[ 4.295825  -3.5776973]
0,[ 2.177728 -2.051027]
0,[ 1.1506944  -0.69110626]
0,[ 0.76919216 -0.70245224]
0,[ 1.926538  -1.4921776]
0,[-0.21215156  1.0108773 ]
0,[ 3.54778 -3.95795]
0,[ 2.5358083 -2.4280891]
0,[ 2.5807629 -2.6433   ]
0,[ 2.8601196 -3.2626154]
0,[ 2.0680695  -0.99498916]
0,[ 2.9394834 -3.3280444]
0,[ 2.5657055 -2.8227725]
0,[ 2.2599614 -2.5473282]
0,[ 0.6335879  -0.01455547]
0,[ 1.0700169 -1.0265554]
0,[ 2.3937168 -1.7920274]
1,[-1.068542   1.7137228]
0,[ 1.9852085 -1.3240108]
1,[-0.52299285  1.8297229 ]
0,[ 2.6049352 -2.304921 ]
0,[ 1.6657398 -1.6916344]
0,[ 0.74506164 -0.8901481 ]
0,[ 1.8445759 -1.460582 ]
0,[ 3.7038183 -3.5423162]
0,[ 2.4828553 -2.8058996]
1,[0.3852979 1.254391 ]
0,[ 2.5006752 -2.0909276]
0,[ 0.7251399 -0.7714633]
0,[ 2.0377822 -2.3892071]
0,[ 2.17343   -1.5056318]
0,[ 2.3684814 -2.24594  ]
0,[ 2.5630238 -2.3732839]
0,[ 2.441394  -3.0754385]
1,[-3.3710277  3.5826526]
0,[0.8987046 0.3370479]
0,[ 3.8695364 -3.8441932]
0,[ 1.4244559 -1.2115403]
0,[ 2.5465186 -3.1661253]
1,[ 0.87052995 -0.30514905]
0,[ 2.9822247 -2.7296076]
0,[ 2.294995  -1.9321252]
0,[ 1.9725058 -1.867643 ]
0,[ 0.11359388 -0.11582252]
1,[-2.54381    3.2015667]
0,[ 2.0484915 -2.0049014]
0,[ 2.1421127 -2.0048108]
0,[ 3.5375128 -3.056714 ]
0,[ 3.1200926 -1.6719323]
0,[ 1.7097068 -1.0597867]
1,[-1.2202946  2.9148533]
0,[ 2.3400447 -2.3977346]
0,[ 1.6262008 -2.140139 ]
0,[ 3.643569  -3.3766234]
0,[ 2.8142972 -2.1626778]
0,[ 3.4900265 -3.2689114]
0,[ 1.9000283 -1.5330932]
0,[0.40727013 0.39851514]
0,[ 3.2263026 -2.6284823]
0,[ 0.86210144 -0.52928406]
0,[ 2.1106384 -2.5259197]
0,[ 1.6445043 -2.7459733]
0,[ 3.6701794 -3.6971254]
0,[ 3.3419907 -2.7703433]
0,[ 1.9697409 -2.3839202]
0,[ 1.1174263 -1.0172255]
0,[ 2.479262 -2.273989]
0,[ 1.5832909 -1.7326531]
0,[ 2.8163488 -2.2940645]
0,[ 2.0117412 -1.6985276]
0,[ 3.052456  -2.5572138]
1,[-0.52731484  0.9795192 ]
0,[ 2.5338447 -2.1030874]
0,[ 0.29259297 -0.6398119 ]
0,[ 2.8330731 -2.9239628]
0,[ 2.1662424 -2.2770522]
0,[ 2.5335753 -2.4905305]
1,[-0.28260687  0.75492096]
0,[ 2.7069457 -1.8898382]
1,[ 1.8705683 -1.5574923]
0,[ 1.4523677 -1.8320316]
0,[ 1.5432307 -1.5139608]
0,[ 1.9412279 -1.9772966]
0,[ 1.5562123 -1.6803093]
1,[-1.8888131  2.2478983]
0,[ 2.456374 -1.874593]
0,[ 1.080413   -0.57162744]
0,[ 2.556607  -2.9058802]
0,[ 2.2948332 -1.8507484]
0,[ 0.24453011 -0.28667805]
0,[ 2.2566757 -2.8080478]
0,[ 2.1382117 -2.1544788]
0,[0.6818315  0.32335135]
0,[ 2.4062936 -2.346491 ]
0,[ 2.1982968 -1.8731607]
0,[ 2.315548 -2.488173]
0,[ 2.2179382 -2.235272 ]
1,[-0.57008314  2.0673766 ]
0,[ 2.3543684 -2.1708426]
0,[ 3.2813518 -2.4067154]
0,[ 2.0794961 -2.4003956]
0,[ 3.2128587 -2.604732 ]
0,[ 2.8285906 -2.4821055]
0,[-0.21032737  0.56762034]
0,[ 2.5245984 -2.2921946]
0,[ 2.846891  -2.8533874]
0,[ 2.6129305 -2.137161 ]
0,[ 2.8442006 -2.6830332]
0,[ 3.048837 -2.694753]
1,[-1.709466   3.1307065]
0,[ 1.7121063 -1.730006 ]
0,[-0.06238293  0.4260101 ]
0,[ 2.0498283 -2.8383412]
0,[ 0.10606579 -0.0262837 ]
0,[ 2.3911853 -2.3491716]
0,[ 2.0797694 -1.9673508]
0,[ 2.5928957 -2.8703504]
0,[ 2.8791764 -2.6398969]
0,[ 2.1816819 -1.5931212]
0,[ 0.7497687  -0.34867415]
0,[ 1.4638623 -1.2315087]
0,[ 1.1532675 -1.1186438]
0,[ 2.0438166 -2.1144316]
0,[ 2.4899883 -1.8203176]
0,[ 1.3132619 -1.1879249]
0,[ 2.5260158 -1.8030921]
0,[ 2.8408742 -2.5011845]
0,[ 1.896     -2.0670402]
0,[ 3.5469682 -3.3869483]
1,[-1.0826689  0.8806034]
0,[ 1.4067302 -1.6101092]
0,[ 2.4430203 -2.5416493]
0,[ 2.5693617 -1.9724737]
0,[ 1.1850327  -0.67802685]
0,[ 2.6442752 -2.2220633]
0,[-2.8965793  4.530681 ]
0,[ 1.6431956 -0.5949554]
1,[-1.7851027  1.981326 ]
0,[ 3.2814806 -2.9875996]
0,[ 3.2726226 -4.0004416]
0,[ 2.587887 -1.776845]
0,[ 0.47903666 -0.71410555]
0,[ 1.1072729 -0.7504576]
0,[ 2.5083728 -1.1296697]
0,[ 2.3339512 -1.9065304]
0,[-0.26203725  0.58886606]
0,[ 3.0547647 -2.5585861]
0,[ 2.4636593 -2.6757944]
0,[ 1.6327934 -2.1549072]
0,[ 0.6471365  -0.19150016]
0,[ 1.7533255 -1.7526457]
0,[ 2.032614  -1.2802058]
0,[ 1.9014231 -2.0033062]
0,[ 3.2211678 -2.861297 ]
1,[-1.4986489  1.964254 ]
0,[3.501065e-04 6.599335e-01]
0,[ 2.04547   -2.4451196]
0,[ 3.1314714 -3.2988615]
0,[ 1.9825125 -1.7489522]
0,[ 2.9336648 -3.2960317]
0,[ 1.5492284 -2.109787 ]
0,[ 1.5242897 -1.2635235]
0,[ 2.2841077 -1.4650401]
0,[ 2.8391817 -2.0993767]
0,[ 2.9745607 -2.9107444]
1,[ 0.7539514  -0.36547533]
0,[ 2.1260033 -2.4474869]
1,[-0.77511775  1.6878926 ]
1,[-2.3194234  3.937726 ]
0,[ 1.7620951 -2.0566225]
0,[-0.664278   1.6220063]
0,[ 2.4701087 -2.5940726]
0,[ 2.3538933 -2.801509 ]
0,[ 1.7254922 -1.5993605]
0,[ 2.6860468 -2.792588 ]
0,[ 0.26022586 -0.30047074]
1,[-1.0190337  1.1262897]
0,[ 2.874429 -3.319885]
0,[ 2.2560878 -1.0842614]
0,[ 2.0316472 -1.9318248]
0,[ 1.372558   -0.98683864]
0,[ 3.0192156 -2.7277105]
0,[ 2.791854  -1.9376675]
0,[ 0.7576621 -1.1429209]
0,[ 2.3040323 -2.6966047]
1,[-2.0889452  3.1096113]
0,[ 2.606732  -2.8850446]
0,[ 3.3082578 -2.1785672]
1,[-1.150393   1.5373944]
0,[ 2.4598773 -2.232869 ]
0,[ 2.8926446 -2.48275  ]
0,[ 2.711304  -2.9577537]
0,[-1.7920022  2.163154 ]
0,[ 1.7085153 -1.8220065]
0,[ 1.13901   -1.1344081]
0,[ 2.7256887 -3.1293232]
0,[0.15542288 1.0895696 ]
0,[ 0.37436068 -0.27986413]
1,[0.01415663 0.20006987]
0,[ 3.2455482 -2.779787 ]
0,[ 3.9063244 -2.8714628]
0,[ 3.266243  -3.6978385]
0,[ 1.4312953 -1.7164043]
0,[ 4.0177684 -3.5223954]
0,[ 3.0245032 -2.584612 ]
0,[ 1.8042732 -1.8301657]
0,[ 1.233372   -0.96939486]
0,[ 2.923149  -2.3146727]
1,[-1.5217829  1.9932381]
1,[-2.4764645  3.002479 ]
0,[ 1.5608405 -1.847766 ]
0,[ 2.9144864 -2.7887683]
1,[-0.07482083  0.44827268]
0,[ 3.1917036 -2.6044855]
0,[ 1.9620566  -0.86869127]
0,[ 1.8688152 -2.029966 ]
0,[ 0.72754484 -0.7706689 ]
0,[ 1.6149065 -2.2645426]
0,[ 1.4495394 -1.5979924]
0,[ 2.1956398 -1.8558491]
1,[-0.4863734  1.1229212]
0,[ 2.1300523 -1.579408 ]
0,[ 2.0668223 -2.2640452]
0,[ 0.83201617 -0.351165  ]
0,[ 2.644546  -2.9316683]
0,[ 2.4486372 -2.135064 ]
0,[ 1.9678886 -1.4654853]
0,[ 0.13923581 -0.56565726]
0,[ 1.8807199 -1.3285971]
0,[ 1.8285923 -1.292218 ]
0,[ 2.8348877 -2.3831198]
0,[ 3.2308412 -3.7173758]
0,[ 1.341787  -1.9879407]
1,[-1.0347672  1.4245961]
0,[ 1.6126938 -1.5154117]
0,[ 3.0636644 -2.7951646]
1,[-1.4824317   0.16923332]
0,[ 2.0119405 -2.411656 ]
0,[ 3.2140641 -2.8082118]
0,[ 0.64331156 -0.6309509 ]
0,[ 2.7060509 -2.790344 ]
0,[ 2.5803735 -2.5169122]
0,[ 4.0651503 -4.487047 ]
0,[ 3.376187  -3.4777062]
0,[ 1.8403562 -1.8283646]
0,[ 2.9607368 -2.8012452]
0,[ 3.1546495 -3.1800337]
0,[ 2.9143507 -2.334371 ]
0,[ 2.139251  -1.4436003]
0,[ 1.5345671 -1.1601351]
0,[ 2.0592117 -1.9468673]
0,[ 2.455336  -1.7243077]
0,[ 2.2031717 -1.940868 ]
0,[ 2.4112058 -1.9165629]
0,[ 1.9772019 -2.138626 ]
0,[ 2.6168964 -2.106842 ]
0,[ 1.6612527 -1.4621252]
0,[ 2.1096094 -1.9387032]
1,[-3.2213097  3.5349548]
1,[-2.5241451  2.8223689]
1,[ 0.8405513  -0.58762854]
0,[ 2.992615 -3.039611]
1,[-1.9437115  2.2523203]
0,[ 3.9040148 -3.4019423]
0,[ 1.6151143 -1.5104188]
0,[ 1.0953858 -1.2393743]
0,[ 1.8467978 -1.6810883]
0,[ 2.2393436 -1.3179573]
0,[ 2.3409822 -2.0921795]
0,[-0.6043599  1.2851428]
0,[ 0.70282334 -1.1806403 ]
0,[ 1.4799724 -2.0012364]
0,[ 1.0314395 -0.6141697]
0,[ 2.9921987 -2.6625881]
0,[ 3.5932088 -2.9751441]
0,[ 2.4662216 -2.6790235]
0,[ 1.8696647 -1.9552499]
0,[ 2.982469 -2.960437]
1,[-2.8611252  3.1993976]
0,[ 3.181281  -3.2687757]
0,[ 2.2816675 -2.3562913]
0,[ 2.0352902 -2.2557068]
0,[ 3.4374096 -3.1048594]
0,[ 2.9643254 -2.5169394]
0,[ 2.0600886 -2.369617 ]
0,[ 1.2505668 -1.2316529]
0,[ 2.212492  -2.4199617]
0,[ 2.3768148 -2.347193 ]
0,[ 0.38562205 -0.239752  ]
0,[ 1.9609777 -1.9076766]
0,[ 3.009471  -2.5786679]
0,[ 2.580857  -2.4351223]
0,[ 3.2360542 -3.2944431]
0,[-2.211852  2.602742]
1,[-0.58419573  1.4308077 ]
0,[ 1.8461126 -1.5105389]
0,[ 1.0736262 -0.9167773]
0,[ 2.460462  -2.0474572]
0,[ 1.8915296 -1.9271336]
0,[0.02067116 0.52450705]
0,[ 2.7625184 -2.2619965]
0,[ 1.3967811 -0.6611042]
0,[ 3.057397  -2.6897106]
0,[ 2.8266761 -2.2216852]
1,[ 0.83140844 -1.6680955 ]
0,[ 1.5243938 -1.2013924]
0,[ 1.8085945 -1.5575048]
0,[ 2.0397995 -1.6892167]
0,[ 2.9064171 -1.9060935]
0,[ 2.2365637 -1.258651 ]
0,[ 1.3447936 -1.0268482]
0,[ 2.9022856 -2.2603076]
0,[ 2.4196649 -2.956485 ]
0,[ 2.318832  -2.1413553]
0,[ 3.1140432 -2.6908927]
0,[ 0.31123307 -0.0755541 ]
0,[ 1.9492836 -1.614496 ]
0,[ 1.9675212 -1.7615877]
0,[ 3.3404267 -3.0630455]
0,[ 1.2705562 -0.7807914]
0,[ 3.3948245 -2.7582371]
0,[ 2.1752825 -1.8029878]
0,[ 3.104967  -2.6309962]
0,[ 2.611572  -2.7816532]
0,[ 1.5757496 -1.7786771]
0,[ 1.5849446 -1.5463256]
0,[ 3.32307  -3.351726]
0,[ 0.37356284 -0.3864256 ]
0,[ 0.6145452  -0.30728963]
0,[ 3.7123775 -3.304753 ]
0,[ 2.2189934 -2.2277281]
0,[ 2.2588322 -2.5009542]
0,[ 2.869984 -1.832205]
0,[ 2.624712  -2.5219946]
1,[-3.4034429  3.8100617]
0,[ 2.9432263 -2.7835038]
0,[ 2.770364  -2.8297148]
0,[ 2.2259195 -2.5103376]
0,[ 0.20272261 -1.3516074 ]
0,[ 1.7267332 -1.6529964]
1,[-2.0567539  2.073572 ]
0,[ 3.085927  -2.9936535]
0,[ 3.652678 -3.729382]
0,[ 1.2543961 -1.4295446]
1,[-1.2164874  2.1312773]
0,[ 1.9290606 -2.156445 ]
0,[ 2.4156797 -2.391364 ]
0,[ 0.66119045 -0.39547026]
0,[ 1.7033314 -1.13084  ]
0,[ 3.750475  -2.8542738]
0,[ 2.849862 -3.016646]
0,[ 2.1713052 -2.0755925]
0,[-0.14988653 -0.468646  ]
0,[ 1.6256741 -1.7987676]
0,[0.26191607 0.20078383]
0,[ 2.1168244 -1.8798323]
0,[ 2.5342865 -2.5907764]
0,[ 3.790351  -3.8042204]
0,[ 2.7286675 -2.2708223]
1,[-1.7231326  1.6342115]
0,[ 1.7704651 -1.8171016]
0,[ 1.6580429 -1.6360415]
0,[ 2.7671764 -3.2986047]
0,[ 2.5429645 -2.0782738]
0,[ 1.7067437 -1.4016773]
0,[ 1.0882039 -0.6227315]
0,[ 2.8740702 -2.4955256]
1,[-3.401329   3.7308707]
1,[-0.98061776  1.8588344 ]
0,[ 2.3100536 -2.106058 ]
0,[ 2.814953  -2.7370896]
0,[ 1.9907708 -2.2120817]
0,[ 1.0498505 -0.5491387]
0,[ 1.7487144 -1.9557842]
0,[ 1.9802651 -2.4671516]
0,[ 1.9682734 -2.2445326]
0,[ 2.1859229 -2.459874 ]
0,[ 1.6617944 -2.0498044]
0,[ 2.551844 -2.62152 ]
0,[-0.56108165  1.0026406 ]
0,[ 1.1978145  -0.77832884]
1,[-1.2016585  0.6884148]
0,[ 2.289605 -1.803155]
0,[ 1.262953  -1.2129292]
0,[ 0.6290055 -0.720612 ]
0,[ 1.6349639 -1.3855776]
0,[ 1.4742103 -1.0456735]
0,[ 1.9093595 -1.6356789]
1,[ 0.5217343  -0.33679998]
0,[ 1.6139683 -1.3828712]
0,[ 2.141061  -2.2232537]
0,[ 1.1909417  -0.92176193]
0,[ 1.5510268 -2.0197983]
0,[ 2.7481737 -3.1413922]
0,[ 1.7116932 -1.8220193]
0,[ 2.0195074 -1.315259 ]
1,[-1.4234482  1.6562927]
0,[ 3.9950066 -3.2594476]
0,[ 0.3985102  -0.23891462]
0,[ 0.50088507 -0.6496216 ]
0,[ 1.1405898 -1.6780739]
0,[ 0.3647097  -0.38979474]
0,[ 2.6748898 -2.4633095]
0,[ 2.8929224 -3.5188315]
0,[ 4.052437  -2.6328835]
0,[ 2.6806002 -2.4653444]
0,[ 1.0633407 -1.564186 ]
0,[ 2.3338687 -1.3128151]
0,[ 2.895889 -3.102015]
0,[ 2.6634023 -2.858389 ]
0,[ 1.6781678 -1.2067673]
0,[ 2.990264  -2.5021186]
0,[ 3.0059876 -3.1952562]
0,[ 2.3731804 -2.4272397]
0,[ 2.2317154 -2.6504762]
0,[ 1.1954037  -0.51651096]
0,[ 1.4187393 -1.5183456]
0,[ 2.0001934 -2.001496 ]
1,[0.26349115 0.19378316]
0,[ 2.4335659 -1.6167963]
1,[-1.769464  2.4199  ]
1,[0.6987174  0.78228533]
0,[ 3.077282  -2.7465203]
0,[ 1.8606172 -1.5540141]
0,[ 1.306847 -0.762718]
0,[ 2.0491421 -1.2218314]
0,[ 2.5359857 -2.7244415]
0,[ 1.4166406 -1.0990335]
0,[ 1.9856744 -1.4973481]
0,[ 0.8951734  -0.94829565]
0,[ 2.0144708 -1.8493694]
0,[ 1.7460798 -1.9125112]
0,[-1.1675893  1.7777604]
0,[ 2.2019722 -2.333758 ]
0,[ 1.437016  -1.2764299]
0,[ 1.3983167 -1.0001136]
0,[ 1.3430403 -1.5572556]
1,[-1.79246    2.0774946]
0,[ 1.8136078 -1.5482469]
0,[ 1.9132954 -1.6047536]
0,[ 3.532848  -2.8521073]
0,[ 1.4560263 -1.5808418]
0,[ 2.258981  -2.0209196]
0,[ 0.65109444 -0.7437323 ]
0,[ 1.2633008 -1.3358316]
0,[ 2.5400481 -2.2825773]
0,[ 1.3355403 -1.3029897]
0,[ 2.3549123 -2.2401311]
0,[ 2.6959805 -1.9918194]
0,[ 2.7648733 -2.2070982]
0,[ 3.7347775 -3.6981328]
0,[ 0.8697279  -0.76131356]
0,[-0.976871   2.3873444]
1,[-3.7065918  4.943498 ]
0,[ 2.5875924 -3.1023464]
0,[ 2.9585197 -2.6929975]
1,[-5.6438148e-06  8.0397433e-01]
0,[ 2.68537   -2.3308825]
0,[ 3.191677  -2.4098675]
1,[-1.3630437  0.4241146]
1,[-0.49661472  0.42853436]
0,[ 3.036477  -2.6959422]
0,[ 2.086808 -2.022647]
0,[ 1.2525672  -0.63109225]
0,[ 0.96105254 -1.4205703 ]
0,[ 2.7121053 -2.7487388]
1,[ 1.7427423 -2.1799138]
0,[ 3.546225  -3.3347645]
0,[ 2.1153905 -2.1052747]
0,[ 0.845524 -1.059368]
0,[ 2.6767743 -2.120327 ]
0,[ 2.3541713 -2.451611 ]
0,[ 2.8969452 -2.5727782]
0,[ 1.4759204 -1.5053775]
0,[ 2.326395  -2.7169373]
0,[ 2.9742186 -3.2887058]
0,[ 2.7263405 -2.5088894]
0,[ 2.456497 -2.437106]
0,[ 1.6830994 -2.0369155]
0,[ 3.5359683 -3.26097  ]
0,[ 3.191442 -2.374315]
0,[ 0.96252495 -1.1124877 ]
0,[ 3.0366414 -2.4608269]
0,[ 2.2688282 -2.4290829]
0,[ 3.5156386 -2.9476013]
0,[-0.14028335  0.32932538]
1,[-2.115264   2.4056783]
0,[ 1.4237647 -2.1359491]
0,[ 1.3659484 -0.3586323]
0,[ 2.761276  -2.7950964]
0,[ 2.6474056 -2.383713 ]
0,[ 2.2581608 -2.194373 ]
1,[ 1.81535   -1.9266989]
0,[ 2.0599947 -2.3129654]
0,[ 3.0892398 -2.5053334]
0,[ 2.066978  -1.8266234]
0,[ 2.000506  -1.6260507]
0,[ 0.8640386 -1.2104903]
0,[ 3.0134146 -2.9194796]
0,[ 2.6427355 -2.4245095]
0,[ 3.2272363 -2.9617321]
0,[ 2.2444055 -1.1884646]
0,[ 3.169045  -3.1181965]
0,[ 3.6423366 -3.157098 ]
0,[ 1.8414583 -2.1117117]
0,[ 3.6085603 -3.1413774]
0,[ 2.92659   -3.0240974]
1,[-0.05986302  0.27631912]
0,[ 0.88993376 -0.24596961]
1,[-1.0995494  1.8717253]
0,[ 1.6121144 -1.6790873]
0,[ 2.8757029 -2.2818809]
0,[ 1.0033233 -0.9442011]
0,[ 1.5712447 -0.6061512]
0,[ 1.73311   -1.0589763]
0,[ 1.0037028 -1.5578896]
0,[ 2.7857432 -3.045915 ]
1,[-0.9963078  1.1401161]
0,[ 2.3202586 -1.9826388]
0,[ 2.3113291 -3.002666 ]
0,[ 3.8098354 -3.3178098]
0,[ 2.2074196 -2.042154 ]
0,[ 2.1227846 -1.7270869]
0,[ 2.621068 -2.17535 ]
0,[ 3.2517488 -2.5400443]
0,[ 2.658511  -2.9308376]
0,[ 2.784329  -2.0759516]
0,[ 2.80368   -2.8615575]
0,[ 0.69594914 -1.5994287 ]
0,[ 2.1824913 -1.8367026]
0,[ 2.7603035 -2.4340017]
0,[ 1.4306054 -1.2151021]
0,[ 2.4147272 -1.7777939]
0,[ 3.2208986 -2.885086 ]
0,[ 1.4041411 -1.8749162]
0,[ 1.6761802 -1.8861415]
0,[ 2.6999955 -2.2338696]
0,[ 3.0683858 -2.5928693]
0,[ 1.0864828 -1.6025143]
0,[ 3.031756  -3.0287757]
0,[ 0.9639254 -1.1978207]
0,[ 1.9179603 -1.7410059]
0,[ 3.0178785 -2.8309314]
0,[ 3.6769109 -2.740221 ]
0,[ 2.558758  -2.9776044]
0,[ 2.1758168 -2.4812768]
0,[0.86781746 0.35887048]
0,[ 2.8765302 -2.0076087]
0,[ 2.0952435 -1.9278659]
0,[ 3.6363459 -3.5942   ]
0,[ 3.4519105 -3.330482 ]
0,[ 2.5685608 -2.4610221]
0,[ 1.8029724 -1.5662717]
0,[ 0.08354352 -0.08409171]
1,[-2.3378358  3.0217977]
0,[ 3.579876 -3.018078]
1,[-1.7877698  2.6415637]
0,[ 2.1342487 -2.056151 ]
0,[ 3.5298011 -2.6336536]
0,[ 2.1455789 -2.682123 ]
0,[ 2.0145092 -1.4976488]
1,[-1.1704164  1.2009118]
1,[-0.96643    1.5537852]
0,[ 1.0994288 -1.4393392]
0,[ 2.7803428 -2.627147 ]
0,[ 1.2227578 -1.8033938]
0,[ 2.1217964 -2.3286893]
0,[ 3.1209743 -2.938004 ]
0,[ 2.595909  -2.2209592]
0,[ 2.568195  -2.2372694]
1,[-2.734994   3.1891778]
0,[ 2.9318712 -2.75926  ]
0,[0.58012027 0.21998066]
1,[0.4369267  0.39528096]
0,[ 0.92656916 -0.9609263 ]
0,[ 2.1021154 -2.541936 ]
0,[ 1.8854406 -1.7619126]
0,[ 1.3333942 -1.2771227]
0,[ 1.3504634 -1.5118116]
0,[ 1.4161531  -0.47132245]
0,[ 2.5200777 -2.5729814]
0,[ 1.4347819 -1.6654329]
0,[ 2.365202  -2.3269484]
0,[ 2.7119384 -2.5534618]
1,[-1.7799501  1.8114787]
0,[ 2.7167253 -2.2702076]
0,[ 1.0820047  -0.92218333]
0,[ 0.62831634 -0.5738166 ]
0,[ 1.7504958 -1.691786 ]
0,[ 1.8406639 -1.4358411]
0,[ 3.368864  -3.4931505]
0,[ 3.0615265 -2.8496888]
0,[ 3.7549603 -2.6591496]
1,[-2.5007317  2.9246144]
0,[ 1.3776699 -1.2404379]
0,[ 1.5942528 -1.6303309]
0,[ 2.6814933 -2.0255938]
0,[ 2.006094  -0.4921817]
0,[ 2.4473257 -2.1208787]
0,[ 1.9793541 -1.9976971]
0,[ 2.8785489 -2.448029 ]
0,[ 3.6768913 -2.5921392]
0,[ 1.7074846 -2.442898 ]
0,[ 3.156017  -2.6476731]
0,[ 3.2466793 -3.3675444]
1,[-0.8556095  2.0970235]
0,[ 2.8815296 -2.800899 ]
0,[ 3.3613577 -3.0024822]
0,[ 2.7612705 -2.3653934]
0,[ 1.8961576 -1.5556662]
0,[ 3.0094862 -3.0292418]
0,[ 1.1971469  -0.70577925]
0,[-0.26698664  0.03341715]
0,[ 2.026995  -2.1182978]
0,[ 2.6726067 -2.8170462]
0,[ 2.6039698 -2.9173088]
0,[ 1.179663  -0.8247389]
0,[ 2.5270228 -2.6342552]
0,[ 1.6371287 -1.4824034]
0,[ 3.4984655 -2.6935139]
0,[ 2.7100031 -2.7465026]
0,[ 1.7966151 -2.411397 ]
0,[ 2.5747066 -2.4262347]
0,[ 3.4238334 -2.7474124]
0,[ 1.5428138 -1.717707 ]
0,[ 2.8589427 -2.7460768]
0,[ 2.0687754 -1.8597915]
1,[-0.61984384  1.553543  ]
1,[-3.3167465  3.319426 ]
0,[ 3.0167227 -2.9682658]
0,[ 2.8152814 -1.8369339]
0,[ 1.2843164  -0.75231904]
0,[ 2.6317015 -2.573811 ]
0,[ 2.103812  -1.4802043]
0,[ 2.9563308 -2.6541538]
0,[ 2.7225316 -2.451297 ]
0,[ 3.122549  -3.0220594]
0,[ 3.0005074 -3.377982 ]
0,[ 1.6279485 -1.6625732]
0,[ 2.7465055 -1.9801579]
0,[ 2.3905678 -2.847485 ]
0,[ 1.9401805 -1.9894809]
0,[ 2.465455  -2.6271012]
0,[ 0.6727588  -0.12627564]
0,[0.5651649  0.15330029]
0,[ 1.7231377 -2.304163 ]
0,[ 2.6604679 -3.4213378]
0,[ 2.2037926 -2.5473714]
0,[ 1.7916467 -1.9197065]
0,[ 0.8810579 -1.2230883]
0,[ 2.9176595 -2.3828962]
0,[ 2.1944535 -2.5037916]
0,[ 2.820648  -2.3873801]
0,[ 3.2604713 -3.0441246]
0,[ 2.051667  -2.1636927]
0,[ 2.66773  -3.420676]
0,[ 1.1819365 -0.8959194]
0,[ 1.4335967 -1.1069198]
0,[ 0.9214858 -0.8555723]
0,[ 2.9621887 -2.2162044]
0,[ 3.5946567 -3.6338608]
0,[ 1.9894915 -2.767106 ]
0,[ 3.1561055 -2.9640493]
0,[ 3.5034745 -4.228785 ]
0,[ 0.5201663 -0.6855728]
0,[-0.26756558 -0.09222108]
0,[ 1.197149  -1.2455884]
0,[ 2.5951636 -2.4418886]
0,[ 1.1385612 -1.7867928]
0,[ 3.1587212 -1.9181186]
0,[ 1.2550101 -0.7788223]
0,[ 2.7797139 -2.9645379]
0,[ 1.4412651 -1.1741344]
0,[ 3.0670562 -2.4764013]
0,[ 1.5679051 -1.7178584]
0,[ 2.5362601 -1.3860694]
0,[ 2.1969602 -2.4567316]
0,[ 2.9553509 -2.7383022]
0,[ 2.911897  -2.9703958]
0,[ 2.621285  -2.9722304]
0,[ 2.9974585 -2.584385 ]
0,[ 3.1732643 -3.3805606]
0,[ 2.717625  -2.2702384]
0,[ 0.8976212  -0.63105243]
0,[ 2.692412  -3.3377886]
0,[ 3.8019881 -3.2322087]
1,[-0.7514983  1.5465275]
1,[ 0.93611056 -1.3364348 ]
1,[-2.6819637  2.4597855]
0,[ 3.388085 -3.590644]
0,[ 3.6390626 -2.8999522]
0,[ 1.9907465 -1.5865382]
0,[ 2.6201243 -2.143165 ]
0,[ 2.4197783 -1.9425839]
0,[ 1.9981403 -1.6700939]
0,[ 1.1829355 -1.297767 ]
0,[-0.05901716  0.79183257]
0,[ 2.0252273 -2.4063792]
0,[ 3.5252721 -3.107319 ]
0,[ 3.0335836 -2.9358091]
0,[ 2.818922  -3.0084102]
0,[ 2.5842   -2.185888]
0,[ 3.860517  -3.1293414]
0,[ 1.0553862  -0.38009435]
0,[ 3.6095006 -2.771427 ]
1,[-1.1274915   0.31140342]
0,[ 2.1414905 -2.1675944]
0,[ 1.1746931  -0.67159057]
0,[ 2.0594914 -1.9330031]
0,[ 2.639999 -3.014835]
0,[ 1.1482183 -1.1647369]
0,[ 0.85888535 -0.7682263 ]
0,[ 0.29651266 -0.7962345 ]
0,[ 2.7393136 -3.2249184]
1,[-2.1076498  3.1179657]
0,[ 1.6921775 -1.8144414]
0,[ 3.4825375 -3.2330053]
0,[ 0.23226064 -0.11109468]
0,[ 1.7969075 -1.7132394]
0,[ 2.4444027 -2.3830652]
0,[ 3.7902443 -3.2437663]
0,[ 2.795082 -2.547749]
0,[ 4.055194  -3.0678825]
0,[ 2.7612426 -2.311184 ]
0,[ 2.846259 -3.277608]
0,[ 3.26588   -2.6531684]
0,[ 2.476512  -2.2814603]
0,[ 2.447466  -2.4472263]
0,[ 2.6926482 -2.4092171]
0,[ 0.63990176 -0.98291206]
1,[ 0.99003524 -0.6257335 ]
0,[ 2.5148304 -3.1027145]
0,[ 2.028416  -2.0214047]
0,[ 1.2052833 -0.323507 ]
0,[ 2.5156937 -2.8034189]
0,[ 1.7547939 -1.7595085]
1,[-2.2848682  2.479148 ]
0,[ 4.2897987 -3.084649 ]
0,[ 3.469781  -3.2584934]
0,[ 3.63219   -3.1095712]
0,[ 2.8000317 -2.1174011]
0,[ 2.8878474 -3.1583536]
0,[ 1.9972281 -1.3848153]
0,[ 2.9194443 -3.1773674]
0,[ 2.7661629 -2.0443811]
0,[ 2.3956757 -2.6427524]
0,[ 0.63593864 -0.96913606]
1,[-1.1226637  1.5299639]
0,[ 3.4982145 -2.6137924]
1,[-2.0778031  1.876892 ]
0,[ 1.6128702 -1.7485895]
0,[ 1.1671953  -0.34681645]
0,[ 1.3401226 -1.0718094]
0,[ 1.0211624  -0.95184195]
0,[ 2.7799523 -2.7937346]
0,[ 3.2441611 -3.9014468]
0,[ 2.6866813 -2.867912 ]
0,[ 2.9286118 -3.0416186]
0,[ 2.2928255 -1.2724327]
0,[ 2.4837468 -2.4095988]
0,[ 2.2336793 -2.2231636]
0,[ 1.2663903 -1.5327228]
0,[ 3.2471266 -3.196901 ]
0,[ 2.2664552 -2.6709847]
0,[ 1.923214  -2.1271057]
0,[ 2.9979396 -2.6162672]
0,[ 1.6836239 -1.3167125]
1,[-0.76693445  1.4649062 ]
0,[ 2.7659285 -2.7773995]
0,[ 2.8041565 -2.5149677]
0,[ 0.15693684 -0.16684458]
0,[ 3.470238  -2.7878916]
1,[-1.4063146  2.0639334]
0,[ 1.3807501  -0.37583038]
0,[ 0.3946623  -0.13903156]
0,[ 2.824357  -3.0337164]
0,[ 1.8067074 -1.9447949]
0,[ 3.961889  -3.7442515]
0,[ 1.4744081 -1.4065589]
1,[0.07841799 0.30062398]
1,[-4.3196206  4.9220414]
0,[ 1.7423581 -1.1620221]
0,[ 2.718895  -3.8419476]
0,[ 2.6212468 -2.7065706]
0,[ 0.67375594 -0.74090576]
0,[ 2.8222368 -3.1434333]
0,[ 1.5579946 -1.1657529]
0,[ 1.6558126 -1.7268478]
0,[ 2.0282156 -2.2693264]
0,[ 1.3687243 -1.5108552]
0,[ 4.1351104 -3.2732499]
0,[ 3.6773393 -3.226667 ]
0,[ 2.0038803 -2.0384245]
0,[ 3.0235763 -2.885164 ]
0,[ 3.1624334 -3.0739968]
0,[ 2.065813  -2.1693382]
0,[ 0.9183881 -1.1667066]
0,[ 1.9673371 -2.130199 ]
0,[ 3.0175128 -3.2715545]
0,[ 0.78244346 -0.62406933]
0,[ 1.9984078 -1.5149455]
0,[-0.6842866  1.3121865]
1,[-0.9769878  1.7972847]
0,[ 1.9506451 -2.1575406]
0,[ 1.3397924 -0.9834122]
0,[ 1.4590768 -1.4644879]
0,[0.1212211  0.36429185]
1,[-1.8984706  1.8462185]
0,[ 2.453148  -2.3020597]
0,[ 4.051025  -3.5951228]
0,[ 2.4046211 -2.2080994]
0,[ 3.3326778 -3.1350002]
1,[0.05016812 0.6708365 ]
0,[ 2.8885026 -2.0973387]
1,[-0.26228136  0.9712613 ]
0,[ 3.3250864 -3.2136774]
0,[ 2.5660992 -2.3882966]
0,[ 2.3142736 -3.0197012]
0,[ 2.192622  -1.3707713]
0,[0.69386125 0.12153739]
0,[ 2.3110812 -1.8297335]
0,[ 2.6534195 -2.267897 ]
0,[ 3.1828809 -3.3918395]
0,[ 0.18158855 -0.6957765 ]
0,[ 1.7073448 -2.063082 ]
0,[ 3.3158522 -2.6599765]
0,[ 2.1734314 -2.5410326]
0,[ 2.2893016 -2.3061984]
1,[-1.7713176  1.7892587]
0,[ 1.6986871 -1.1022338]
0,[ 2.1846433 -1.8004134]
0,[ 2.2097032 -3.0174592]
0,[ 3.4584322 -3.397401 ]
0,[ 2.8388171 -2.2607362]
0,[ 2.7420797 -2.2220862]
0,[ 1.8871979 -1.9807531]
0,[ 2.3247614 -1.7428026]
0,[ 3.071783  -2.7032087]
0,[ 1.4786979  -0.82530004]
0,[ 2.9295573 -2.3882334]
0,[ 0.66830546 -1.1537377 ]
0,[ 0.71003217 -1.4130538 ]
0,[ 2.4801424 -2.8793414]
1,[-1.3127636  1.8884363]
0,[ 2.6894763 -2.790377 ]
0,[ 2.3341908 -1.7981749]
0,[ 2.3128319 -1.8709986]
0,[ 2.675547  -2.2083611]
0,[ 2.4657333 -2.6139672]
0,[ 2.2211862 -2.3750598]
0,[-1.3984017  1.7667273]
0,[ 1.0950571 -1.2637993]
0,[ 0.23625445 -0.73241264]
0,[ 0.7804748 -0.9450932]
0,[ 2.3514407 -1.8712047]
0,[ 2.1929684 -1.4889817]
0,[ 2.0750375 -2.343376 ]
0,[ 1.6309303 -1.1939894]
0,[ 0.9294879 -0.6550974]
1,[0.05016812 0.6708365 ]
0,[ 3.2041948 -2.38401  ]
0,[ 3.7127156 -3.378939 ]
0,[ 1.5728102 -2.1183317]
0,[ 1.4369384  -0.73090106]
0,[ 3.2182202 -2.8078928]
0,[ 2.584902  -1.9585563]
0,[-1.6311833  1.706286 ]
0,[ 2.20332   -1.5902362]
0,[ 3.2356935 -2.6318374]
0,[ 2.8218892 -3.1981697]
0,[ 4.9440656 -3.765963 ]
0,[ 3.189582  -3.1751428]
0,[ 1.881043  -1.5401498]
0,[ 4.2648063 -3.5365686]
1,[-0.7667735   0.92859924]
0,[ 0.813489  -1.1319841]
0,[-0.31443632  0.95982254]
0,[ 2.4673872 -1.3289812]
0,[ 2.1846597 -2.0265462]
0,[ 3.3350787 -3.0881512]
0,[ 4.487773  -2.7289588]
0,[ 2.8835716 -2.5162435]
0,[ 2.427825  -2.1347933]
0,[ 3.2968736 -2.8864458]
0,[0.32588795 0.29798964]
0,[ 1.4075981 -1.1614541]
0,[ 3.2138357 -3.0897121]
0,[ 3.672092  -3.5492847]
0,[ 3.1777523 -3.5583875]
0,[ 2.2002857 -2.1259575]
0,[ 3.0176406 -2.4948263]
1,[-1.4325325  2.0326557]
0,[ 2.0276375 -2.4136102]
0,[ 2.9491951 -3.1811345]
0,[ 1.4513072 -0.5282127]
0,[ 2.6716354 -2.9050698]
0,[ 3.0698361 -2.4880326]
0,[ 0.63066375 -1.0960634 ]
0,[ 2.3878453 -2.451165 ]
0,[ 3.2462068 -2.8171034]
0,[ 2.7315917 -2.7009308]
0,[ 3.2856772 -3.2838402]
0,[ 1.5591216 -2.0754452]
0,[ 1.3756611 -1.9239094]
0,[ 2.8762162 -2.9828327]
0,[ 0.51138926 -0.74170834]
0,[ 4.4079266 -3.1677203]
0,[ 3.49829   -2.3165276]
0,[ 3.5046954 -3.3779855]
0,[ 2.5471387 -2.653089 ]
0,[ 1.4184403 -1.4393955]
0,[ 2.6189966 -2.4988585]
0,[ 3.2472436 -2.9199214]
0,[ 3.0503008 -2.93482  ]
1,[0.48558202 0.3133737 ]
0,[ 2.7849681 -1.7911856]
1,[-3.490751   3.2447376]
0,[ 2.570183 -2.463068]
0,[ 2.2195215 -1.8750029]
0,[ 1.8396544 -1.7913636]
0,[ 2.840417  -2.9175034]
0,[ 1.6479428 -2.255652 ]
0,[ 2.5521052 -2.5349429]
0,[ 2.4560823 -1.9998717]
0,[ 1.7975675 -1.275521 ]
0,[ 2.152748  -1.7265257]
0,[ 2.2892327 -1.7447364]
0,[ 2.5576863 -2.1444209]
0,[ 1.6158174 -1.8731267]
0,[ 2.9916825 -2.2086933]
0,[ 2.2393987 -2.2186458]
1,[-0.06726855  0.44758964]
0,[ 2.1375375 -1.1068336]
1,[-0.8893152  0.5118018]
0,[-1.0128567  1.7908802]
1,[-1.229366   2.3041816]
0,[ 1.7840259 -1.8072356]
0,[ 2.58449  -2.250914]
0,[ 2.276801  -2.3460338]
0,[ 2.9829865 -2.1022196]
0,[ 2.0816958 -1.928022 ]
0,[ 4.0516195 -2.9803102]
0,[ 3.4400709 -3.3402169]
0,[ 2.0058546 -1.376405 ]
0,[ 2.8226876 -2.2617276]
0,[ 3.8078878 -3.6931765]
1,[0.05323316 1.1864958 ]
0,[ 1.5579656 -1.5010632]
0,[ 2.3854332 -2.883242 ]
0,[ 3.7863731 -3.5271466]
0,[ 2.61542   -2.8845985]
0,[ 1.4477651 -1.5248126]
0,[ 3.4299808 -2.3777475]
0,[ 2.7081137 -2.435899 ]
0,[ 2.320052  -1.7255031]
0,[ 2.7056155 -1.9694954]
1,[-0.19359303  1.2044605 ]
0,[ 2.1891463 -1.4260594]
0,[ 1.7453393 -1.4212352]
0,[ 2.00159   -1.6655453]
1,[ 1.7790263 -2.09434  ]
0,[ 1.6202192 -1.4175924]
0,[ 3.4124465 -2.8841894]
0,[ 1.0926226 -1.0110401]
0,[ 2.26349   -1.8988886]
0,[ 1.2460294  -0.54550064]
0,[ 0.72510916 -0.78113806]
0,[ 4.0846334 -3.8504117]
1,[0.20396683 0.8927667 ]
0,[ 1.3738698 -0.5941096]
0,[ 2.0459142 -2.2795146]
0,[ 2.1442819 -2.7173514]
0,[ 1.8410181  -0.92027825]
0,[ 2.6952522 -2.8512218]
0,[ 1.4242146 -0.8623838]
0,[ 1.8371339 -1.9923995]
0,[ 1.934767  -2.4875958]
0,[ 3.0424566 -2.5025802]
0,[ 1.1632148 -1.063061 ]
0,[ 3.3795855 -3.4169376]
0,[ 1.8881449 -2.0151174]
0,[ 3.0030372 -2.7654593]
0,[ 3.0694475 -2.4728172]
1,[-1.7060945  2.9167573]
0,[ 1.5219158 -1.2158405]
0,[ 1.4824188  -0.77971727]
0,[ 2.4445996 -1.9622746]
0,[ 1.914018  -1.3668002]
0,[ 0.8334427 -1.2092704]
0,[-0.02100835 -0.40332732]
0,[ 1.885926  -2.4741507]
0,[ 2.665736  -2.2330613]
0,[ 2.63437   -2.4087093]
0,[ 2.0128942 -2.2905152]
0,[-0.63673514  0.19469947]
0,[ 2.6231294 -2.5815547]
0,[ 3.2876227 -2.7802386]
0,[ 1.3812708 -1.3569164]
0,[ 2.0707808 -1.7273904]
0,[ 2.283975  -1.9684825]
0,[ 2.3536773 -2.0408018]
0,[ 3.0682485 -2.3546433]
0,[ 1.9578223 -1.4737052]
0,[ 3.734686  -2.9688432]
0,[ 1.502586  -1.6986432]
0,[ 3.1514382 -2.7838864]
0,[ 3.765427  -3.2193372]
0,[ 1.3974364 -1.7513435]
0,[ 1.0165485 -0.4187731]
1,[-0.04536485  0.8266372 ]
0,[ 3.5095205 -3.2234805]
0,[ 3.3055189 -2.6875706]
0,[ 2.804003 -2.457747]
0,[ 2.3918293 -2.1876783]
0,[ 1.9439299 -0.8922921]
0,[ 2.5811677 -2.5666962]
0,[ 1.0849779 -0.9153292]
0,[ 1.0677118 -0.8814399]
0,[ 3.3309028 -3.1405993]
0,[ 1.2454035 -2.5767953]
0,[ 2.7999098 -2.696092 ]
0,[ 2.3587315 -1.9164362]
0,[ 3.9502134 -3.7128398]
0,[ 2.2515218 -2.5028474]
0,[ 3.6489995 -3.1504934]
0,[ 3.1608307 -3.0134468]
0,[ 4.1114135 -3.4443934]
0,[ 3.6442816 -3.1257439]
1,[-2.5852027  2.6105351]
0,[ 2.0480933 -2.4987144]
0,[ 1.7293632  -0.62595755]
0,[ 1.0602261 -0.9386475]
0,[ 2.7216084 -2.3118627]
0,[ 3.058952  -3.2532904]
0,[ 2.2732894 -2.4125888]
0,[ 1.4644744 -2.374015 ]
0,[ 1.5270797 -1.070485 ]
1,[-1.457294   2.7692754]
0,[ 2.3323398 -3.2174504]
0,[ 2.302632  -2.3270793]
0,[ 3.4881034 -3.296317 ]
0,[ 0.68287367 -0.35777166]
0,[ 2.939808 -3.386413]
0,[ 0.8563579 -1.1733615]
0,[ 3.1572618 -2.2807212]
0,[ 2.457988  -3.1520288]
0,[ 2.4395962 -1.7467151]
0,[ 2.5073164 -2.0314412]
0,[-1.5784653  2.228646 ]
0,[ 2.0105355 -1.779081 ]
0,[ 2.4508734 -1.8223681]
0,[ 2.3123121 -2.1903334]
0,[ 1.1887234 -1.6505957]
0,[ 2.6730626 -2.9711149]
0,[ 3.3689914 -2.0131154]
0,[ 0.24967504 -0.13579084]
0,[ 2.8725445 -2.5041068]
1,[ 1.1272136  -0.71447486]
0,[ 1.5156761 -1.848881 ]
0,[ 1.3677734 -1.0776088]
0,[ 1.4382316  -0.86430186]
1,[ 0.62689954 -1.3777314 ]
0,[ 2.7316885 -2.586822 ]
0,[ 2.6343634 -2.4045024]
0,[ 3.5676448 -2.4992518]
0,[ 3.600476  -3.5270429]
0,[ 2.4776587 -1.7529718]
0,[ 1.186801  -1.4573714]
0,[ 1.7383065 -1.9142683]
0,[ 1.7119398  -0.53746295]
0,[ 2.2457676 -1.4501554]
0,[ 3.151321  -2.7387784]
0,[ 2.615178  -2.7346342]
0,[ 1.9375479 -1.6591932]
0,[ 3.4851224 -3.4044228]
0,[ 1.8608515 -2.5577683]
0,[ 0.7690101 -1.1696559]
0,[ 2.6958504 -2.4564424]
1,[ 0.603138   -0.30049452]
0,[ 0.730816 -1.880653]
0,[ 2.0512807 -2.8944397]
0,[ 1.9577823 -1.7223655]
1,[-1.3456879  1.5315603]
0,[ 1.4686611 -1.9211063]
0,[ 1.3368065 -1.1117661]
0,[ 1.580652  -0.7549035]
0,[ 3.2078562 -2.6868818]
0,[ 1.4256551 -1.3194494]
0,[ 3.0166855 -2.6480966]
1,[-0.36511588  0.8836668 ]
0,[ 1.996428  -2.2724702]
0,[ 1.785407  -2.0260594]
0,[ 1.2965635 -1.1616398]
0,[ 2.243529  -2.8250368]
0,[ 2.2720518 -2.7373474]
0,[ 2.6281137 -2.1357567]
0,[ 3.7011886 -2.9365911]
0,[ 2.9651687 -2.686377 ]
0,[ 2.5726547 -2.2354727]
1,[-0.6270907  2.18328  ]
0,[ 3.2167864 -2.5476966]
0,[ 2.2238307 -2.4463732]
0,[ 3.1807036 -2.856    ]
0,[ 2.5044127 -1.8957369]
0,[ 3.2018442 -2.794593 ]
0,[ 2.7146149 -1.8040997]
0,[ 2.1468108 -1.6006597]
0,[ 2.4151692 -2.1180089]
0,[0.80795884 0.6308246 ]
0,[ 3.4506812 -3.5987215]
0,[ 2.2982204 -2.2400804]
0,[-0.02787709  0.16126692]
0,[ 2.2692165 -2.5128365]
0,[ 1.8312782 -1.5291852]
0,[ 0.71439874 -0.14491442]
1,[-0.2209868 -0.4283147]
1,[-1.7985153  3.0890315]
0,[ 1.3777957 -1.2564074]
0,[ 2.7556114 -2.3744326]
1,[-1.549764   1.8801693]
0,[ 1.6727409 -1.925845 ]
0,[ 1.8220413 -1.5556333]
0,[ 1.7984772 -1.3448645]
0,[ 2.9259846 -2.1793766]
0,[ 2.3297055 -1.9226714]
0,[ 2.3925848 -1.9939626]
0,[ 3.0259583 -2.1894035]
0,[ 4.353622  -3.7535524]
0,[ 3.7791877 -3.4282455]
0,[ 3.1377056 -3.2000797]
1,[-1.2467767  2.1876473]
0,[ 2.5604997 -2.741847 ]
1,[-1.1538173  1.3719254]
0,[ 2.720855  -2.4446805]
1,[-2.660859   2.6027966]
0,[ 3.2072296 -3.0441248]
0,[ 1.9404309 -1.7456237]
0,[ 2.1006465 -2.3684435]
0,[ 1.9652424 -2.1772509]
0,[ 2.8111005 -2.282755 ]
0,[ 1.4132552 -1.2131754]
0,[ 3.0106928 -3.0061593]
0,[ 5.023395  -3.5597568]
0,[ 3.6207376 -3.3617423]
0,[ 2.7290845 -2.3389883]
0,[ 2.527719  -2.7071607]
0,[ 0.99500316 -0.9699358 ]
0,[ 1.3486781 -1.3693522]
0,[-2.6889873  3.0393164]
0,[ 1.9124693 -1.8496664]
0,[ 3.0792868 -2.5316367]
1,[-4.303432   4.9332404]
0,[ 2.862298  -2.9375017]
0,[ 2.725272  -2.2593129]
0,[ 1.0766318 -1.0914602]
0,[ 3.6951141 -3.7192671]
0,[ 2.405481  -2.4084558]
0,[ 1.7773509 -1.3291849]
0,[ 1.5916169 -1.5106574]
0,[ 2.4924934 -2.8259742]
0,[ 2.3093863 -2.701214 ]
0,[ 1.9306923  -0.43613848]
0,[ 2.2475963 -2.323314 ]
1,[-0.9435643  1.5686507]
0,[ 2.8712344 -2.9468844]
0,[ 2.7191806 -2.838972 ]
0,[ 3.1494293 -3.3048773]
0,[ 0.7466679  -0.29540682]
0,[ 3.755026  -3.5006952]
0,[ 1.923508 -1.67076 ]
0,[ 2.3288746 -2.046513 ]
0,[ 1.3825473 -1.7439696]
0,[ 2.272902  -2.0046875]
0,[ 1.2540053 -1.1862197]
1,[-1.304951   1.4991261]
0,[ 2.383033  -2.4771006]
0,[ 2.2931063 -3.0379364]
1,[-0.74678284  1.1794363 ]
0,[ 1.3044567  -0.41477558]
0,[ 1.6934737 -1.7443533]
0,[ 1.1857243 -1.4693463]
0,[ 1.3380505 -1.7271996]
0,[ 1.5834663 -1.3827823]
0,[ 1.8224076 -2.1944556]
0,[-1.0697639  1.9027026]
0,[ 2.251511  -1.8369516]
0,[ 2.7307222 -2.0586991]
0,[ 1.9343159 -1.4382651]
0,[ 1.6470435 -2.0129876]
0,[ 2.5097091 -2.0263686]
0,[ 2.7778308 -3.1461036]
0,[ 3.555536 -3.342971]
0,[ 1.1422927 -0.9761528]
0,[ 1.9973919 -1.5916129]
0,[ 2.1874032 -1.8953451]
0,[ 2.789644  -3.1262326]
0,[ 2.4647539 -2.1260035]
0,[ 1.5953743 -1.408301 ]
0,[ 2.6121953 -2.064965 ]
0,[ 2.5372822 -2.765508 ]
0,[ 2.1233315 -1.811137 ]
0,[ 2.0090256 -2.814556 ]
0,[ 2.723232  -2.7670956]
0,[ 1.5664768 -1.7613248]
1,[-1.5580317  2.6388123]
0,[ 2.4887967 -2.5886695]
0,[ 2.8102903 -2.708613 ]
0,[ 1.8122401 -1.440642 ]
0,[ 1.6278152 -0.6403149]
0,[ 1.8165414 -1.4229122]
0,[-1.5593085  1.1181253]
0,[ 2.4123645 -2.2011507]
0,[ 2.809225  -2.2345817]
0,[ 1.9450259 -1.9153508]
0,[ 2.3491812 -1.8739029]
0,[ 2.1588855 -2.2518928]
1,[-1.419242  2.435714]
1,[-0.791737   2.0946321]
1,[-2.1587567  2.045823 ]
0,[ 0.48162165 -0.87557817]
0,[ 3.6703126 -3.4363499]
0,[ 1.1517969 -1.0531332]
0,[ 1.628509  -2.2843387]
0,[ 0.7111416 -0.6445459]
0,[ 2.3858416 -1.7222325]
0,[ 1.649371  -1.1090686]
0,[ 1.0210353 -0.9061887]
1,[-0.99475104  1.0190643 ]
0,[ 2.6377528 -2.2373512]
0,[ 3.2488828 -2.5645957]
0,[ 2.5404208 -2.3145716]
0,[ 3.0861464 -2.5120802]
0,[ 3.1806097 -2.3012304]
0,[ 3.8794832 -3.3990114]
0,[ 2.1149025 -1.9924382]
0,[ 2.255163  -1.6920561]
0,[ 3.5613492 -3.5247958]
0,[ 2.473283  -2.5423973]
0,[ 1.4471842 -1.5580671]
0,[ 2.7189984 -2.368707 ]
1,[ 0.65966105 -0.01246721]
0,[ 3.7426455 -3.4534192]
0,[ 3.1745853 -2.574606 ]
0,[ 2.768612  -2.2631664]
1,[-2.0826113  2.5546668]
0,[ 0.71804065 -0.6040311 ]
0,[ 2.9636748 -2.676329 ]
0,[ 1.6339468 -1.8504353]
0,[ 1.7484418 -1.3241373]
0,[ 1.6595265 -0.9735627]
0,[ 0.32125187 -0.7230586 ]
0,[ 1.872649  -1.8796456]
1,[-1.7742933  1.9649483]
0,[ 1.8445077 -1.5724618]
0,[ 2.4965432 -2.18961  ]
0,[ 4.688158  -3.9774303]
0,[ 2.3510356 -2.152347 ]
0,[ 1.5877821 -1.3756205]
0,[ 2.1432424 -2.6936514]
0,[ 2.9364188 -2.8512385]
0,[ 2.5254376 -2.4950411]
0,[ 1.5883101 -1.4302001]
0,[ 2.5687416 -2.3128397]
1,[-0.94693094  1.6426845 ]
0,[ 2.8276489 -2.9787943]
0,[ 1.4511615 -2.281551 ]
0,[ 3.5808308 -3.5964196]
0,[ 2.7798293 -2.0806005]
0,[ 3.2896125 -2.4170752]
0,[ 2.4156818 -2.7240422]
0,[ 3.5188158 -3.233266 ]
0,[ 3.9176805 -3.5115483]
1,[-1.1073189  0.9396582]
0,[ 2.5059047 -2.853004 ]
0,[ 2.831204  -2.9393995]
1,[-1.7926416  1.7846068]
0,[0.9791313  0.00511105]
0,[ 0.8437501 -0.2812247]
0,[ 2.2850184 -2.8059566]
0,[ 3.7017086 -3.19728  ]
0,[ 3.733869 -3.842471]
0,[ 0.7446006 -0.9332581]
0,[ 3.8456879 -3.1368916]
0,[ 3.3245344 -3.2193584]
0,[ 0.47881922 -0.7648856 ]
0,[ 2.6640851 -2.541172 ]
0,[-0.25062624 -0.42593297]
0,[ 1.7962747 -1.7842696]
0,[ 3.1209793 -2.223429 ]
0,[ 2.3641624 -2.251881 ]
0,[ 2.3274508 -2.1086903]
0,[ 2.1260872 -1.838737 ]
0,[ 0.76183134 -1.1179246 ]
0,[ 2.5910032 -2.333993 ]
0,[0.09958327 0.39840996]
0,[ 1.8544099 -1.4195937]
0,[ 2.9628906 -2.9684823]
0,[ 0.97989506 -1.4664787 ]
0,[ 2.9322438 -2.5621774]
1,[-1.7326943  1.599921 ]
0,[ 2.0895352 -1.6705639]
0,[0.12794657 0.5841512 ]
0,[ 2.5705893 -2.36584  ]
0,[ 1.9840481 -1.5647682]
0,[ 2.3249893 -2.1604166]
0,[ 1.7093407 -1.2848957]
0,[ 2.3218892 -2.094188 ]
0,[ 3.1277108 -2.7036   ]
1,[-2.4169645  3.0593882]
0,[ 0.34277025 -0.31787643]
0,[ 2.0104733 -2.303028 ]
0,[ 2.633304  -2.5040588]
0,[ 3.6732626 -3.504426 ]
0,[ 2.8609567 -2.9404085]
0,[ 2.5616655 -2.6945848]
0,[ 2.5151231 -2.1638005]
0,[ 3.1268487 -2.8409123]
0,[ 2.7164524 -2.7653713]
0,[ 3.3722844 -3.4015622]
0,[ 3.0649483 -2.9606402]
0,[-0.35841933  0.7013313 ]
0,[ 3.027534  -3.8272347]
0,[ 2.280146  -1.8218198]
0,[ 2.2754352 -2.4045057]
0,[ 2.3637319 -2.393563 ]
0,[ 2.981092  -3.6845543]
0,[ 1.4905254 -1.7536279]
0,[ 0.6996173 -0.9074213]
0,[ 2.6533887 -2.3390534]
0,[ 2.2932003 -1.8435256]
0,[ 0.44483802 -0.6917775 ]
0,[ 2.6383786 -1.8929336]
0,[ 2.5509825 -2.7913442]
0,[ 4.2226887 -3.2733884]
1,[-1.4009936  1.8756421]
0,[ 2.3852048 -2.3418972]
0,[ 2.0988438 -2.4216828]
0,[ 2.0769026 -3.024597 ]
0,[ 1.7351379 -1.761741 ]
1,[-0.52038664  1.8399886 ]
0,[ 2.0396707 -2.3334532]
0,[ 2.4415855 -1.9545945]
0,[ 0.30488384 -0.20585692]
0,[ 3.8560157 -2.89283  ]
0,[ 3.0714362 -2.3263946]
0,[ 1.6728294  -0.99534607]
0,[ 2.6197636 -2.8082952]
0,[ 1.2179648 -0.5625903]
0,[ 2.5573964 -2.3985622]
0,[ 2.6194303 -1.8606516]
0,[ 3.0686004 -2.412138 ]
0,[ 2.2775738 -1.9496732]
0,[ 1.4431992  -0.46119747]
0,[ 1.6981325 -1.550725 ]
0,[ 2.4200606 -2.3476155]
0,[ 1.8858703 -1.8630203]
0,[ 3.1574783 -3.053921 ]
0,[ 2.942416  -2.6596045]
0,[ 1.6713734 -1.5234011]
1,[-0.5592268  2.205372 ]
0,[ 2.7747831 -2.4818137]
0,[ 2.586433  -2.2670286]
0,[-0.06221483  0.05351138]
0,[ 0.7003771 -0.7059331]
0,[ 1.8461185 -2.1692667]
0,[ 3.573959  -3.4366262]
0,[ 3.2502065 -3.113809 ]
0,[ 2.5009098 -2.5708637]
1,[-0.05876589  0.7972935 ]
0,[-0.21119158 -0.3080639 ]
1,[-1.7007746  2.0627043]
0,[ 3.0962827 -2.8553417]
0,[ 2.8911967 -2.6354153]
0,[ 1.8096639 -2.1854837]
1,[ 0.58242494 -0.11498508]
0,[-1.2092459  1.6263574]
0,[-0.2768666  -0.22594388]
0,[ 0.9818277 -1.4451003]
0,[ 2.2389603 -2.3888226]
0,[ 0.5150225 -1.6909517]
0,[ 2.4445813 -1.7802511]
0,[ 2.1798682 -2.185222 ]
0,[ 2.6335022 -2.6407497]
1,[-0.9458285  1.3224584]
0,[ 2.5544274 -2.731042 ]
0,[ 1.8466737 -1.7067298]
0,[ 2.51452  -2.427939]
0,[ 2.5855553 -2.2348697]
0,[ 1.5811584 -1.69429  ]
0,[ 3.0419629 -2.6681612]
0,[ 2.7230687 -2.7901654]
0,[ 2.9233148 -2.10405  ]
1,[-3.3572369  3.8654246]
0,[-0.44625276  1.884595  ]
0,[ 2.8951523 -3.1875944]
0,[ 2.1108172 -3.2072685]
0,[ 3.7730603 -3.5368092]
1,[-1.8168967  1.8454264]
0,[ 1.7702831 -2.0872087]
0,[ 0.7614977 -1.2236632]
0,[ 3.616615  -3.5217872]
0,[ 3.4307876 -3.4734492]
0,[ 0.39614815 -0.6054683 ]
0,[ 0.99748784 -0.7474576 ]
0,[ 2.1317403 -1.5072377]
0,[ 2.817638  -2.6034803]
0,[ 1.7579497 -2.2359474]
0,[ 2.944631  -2.8798745]
1,[ 0.48343578 -0.76978564]
0,[ 2.3579319 -2.0592382]
0,[ 2.1393387 -1.5630215]
0,[ 1.150363  -1.3108258]
1,[-2.4227316  2.6659243]
0,[ 1.3569067  -0.75058943]
0,[ 2.35014   -2.9194396]
0,[ 3.527733 -1.795021]
1,[-0.02353605  0.89149773]
0,[ 2.8577242 -2.179598 ]
0,[ 0.86726254 -1.1162988 ]
0,[ 1.5371289  -0.35857502]
0,[ 1.1216886 -0.7079386]
0,[ 1.6557126 -1.3424911]
0,[ 3.6237237 -3.323358 ]
0,[ 1.6970159 -1.93303  ]
0,[ 3.0731673 -2.5047603]
0,[ 2.1423273 -2.0932524]
0,[ 0.5835948  -0.05007681]
0,[ 1.8341347 -1.8272874]
0,[ 1.9371076 -1.374292 ]
0,[ 3.010113  -2.1966717]
0,[ 3.6696706 -3.8052254]
1,[-1.0101867  1.6063545]
0,[ 2.5855904 -2.4733176]
0,[ 2.0606737 -1.5767646]
1,[0.65509075 0.44078955]
0,[ 3.0537846 -2.5692596]
0,[ 1.5219331 -1.7661973]
0,[ 2.2729251 -2.0844448]
0,[-1.6056663  0.4960555]
0,[ 4.3964863 -3.6396916]
0,[ 2.212291  -1.5208552]
1,[-1.1254979  2.1869345]
0,[ 1.7870995 -2.124864 ]
0,[ 2.383624 -2.459127]
0,[ 1.737277  -1.3170213]
0,[-0.26785856  0.37630802]
0,[ 1.1071342  -0.38267186]
0,[ 2.8814726 -1.9233159]
0,[ 2.4566712 -2.1204839]
0,[ 2.3326106 -2.7544117]
0,[ 1.7585042 -1.7213204]
0,[ 2.5229201 -2.4030993]
0,[ 2.0533872 -1.3560559]
0,[-0.3510834  -0.13092631]
0,[ 2.2278395 -2.1581743]
0,[ 1.5684466  -0.64668936]
0,[ 1.8079748 -2.1079476]
0,[ 2.0999968 -1.9563667]
0,[ 2.8537874 -2.0755398]
0,[ 0.3436378 -0.6191595]
0,[ 2.518619  -1.6725976]
0,[ 2.2501276 -2.2795086]
0,[ 0.87382126 -0.83132446]
0,[ 0.4308727 -0.2766242]
0,[ 1.7588534 -1.6539128]
0,[ 3.3628292 -2.6107817]
0,[ 3.0209374 -2.3650136]
1,[-2.0676656  2.4685194]
0,[ 1.8555162 -2.1357918]
0,[ 0.8372863 -0.7973704]
0,[ 0.89178556 -0.3298651 ]
0,[ 1.3216736 -1.5999151]
0,[ 2.21413   -1.2883238]
0,[ 1.1408771 -1.0495775]
0,[ 2.4303625 -2.889445 ]
0,[ 2.1054604 -2.4255776]
0,[ 2.4123888 -1.9173939]
0,[ 2.922732  -2.7723217]
0,[ 2.277404 -2.194118]
0,[ 2.3251143 -2.4761834]
0,[ 4.4825478 -3.3428993]
0,[ 1.159631  -1.2399167]
0,[ 2.027618  -1.5433844]
0,[ 0.40776592 -0.7732057 ]
0,[ 1.50811   -2.0737936]
0,[ 0.9299562 -0.5475902]
0,[ 2.3586543 -2.4073877]
0,[ 3.7254562 -3.397253 ]
0,[ 0.2770396  -0.03886102]
0,[ 2.9475467 -2.4911568]
0,[ 1.1036272 -1.0198836]
0,[ 2.7576764 -2.5195117]
0,[ 1.4795532 -1.183685 ]
0,[ 4.1235614 -3.8856564]
0,[ 2.7938218 -2.8438692]
1,[ 1.9141151 -1.881898 ]
0,[ 0.75404274 -0.18977822]
0,[ 3.4481654 -3.024665 ]
0,[-1.2711806  1.1893483]
0,[ 0.7135522 -0.9018114]
0,[ 1.741447  -1.8067397]
0,[ 2.3317528 -1.8743132]
0,[ 0.6743862 -0.9442856]
0,[ 2.3224745 -2.7077358]
0,[ 2.2334185 -1.368631 ]
0,[ 2.5942426 -2.0714896]
0,[ 1.399181  -1.6312741]
0,[ 3.899324  -3.2537124]
0,[ 1.7964764 -2.5626504]
0,[ 1.5133266 -1.395243 ]
0,[ 2.7486017 -2.7543795]
0,[ 1.5386899 -1.4101057]
0,[ 2.8298862 -2.3205738]
0,[ 1.5491074 -1.1091142]
0,[ 1.3848947 -1.1642202]
0,[-2.4962587  3.4406068]
1,[ 2.2885602 -1.9186679]
0,[ 1.9200428 -1.259054 ]
0,[ 1.3319666  -0.23912919]
0,[ 2.2371905 -2.8222039]
0,[ 3.265922  -3.2786236]
0,[ 2.2654223 -2.2699454]
0,[ 1.3435189 -1.8332981]
0,[ 1.3660306 -1.6280333]
0,[ 2.3276231 -2.7118685]
0,[ 1.8651047 -1.8418359]
1,[-0.5161344   0.87913305]
0,[ 1.8832326 -2.2225528]
1,[-1.3667114  1.5662122]
0,[ 3.0800405 -2.4461331]
1,[-2.5519366  2.9225593]
0,[ 0.25203267 -0.8928724 ]
1,[-1.4236364  1.688182 ]
0,[ 2.839755  -2.9392035]
0,[ 3.82572  -4.195917]
0,[ 2.6733887 -2.315692 ]
0,[ 3.044196  -2.2792652]
0,[-0.03202904  0.19496256]
0,[ 2.6062791 -1.9024554]
0,[ 0.8474936 -1.3411591]
0,[ 2.78139   -2.7208557]
0,[ 1.6892217 -1.9371334]
0,[ 2.9151802 -2.9970338]
0,[ 2.7909372 -2.8234107]
0,[ 0.79744786 -1.0174088 ]
0,[ 2.3449438 -2.7792435]
1,[-1.9886628  2.0693607]
0,[ 1.4041884 -0.5989734]
0,[ 4.317307  -3.5228765]
0,[ 3.3853738 -3.2652762]
0,[ 0.5699183  -0.12288854]
0,[ 3.5872147 -2.4995024]
0,[ 3.127001  -2.9727738]
0,[ 2.2810366 -1.952134 ]
0,[ 1.785139  -2.1397905]
0,[ 3.789418 -3.641573]
0,[ 3.4724045 -2.845239 ]
0,[-0.20280023 -0.18603374]
0,[ 3.1508462 -2.2508042]
0,[ 3.0028787 -3.2034624]
0,[ 1.9949257 -2.1491284]
1,[-1.580556   2.2646542]
0,[0.3324717  0.04664306]
0,[ 1.7479434 -0.4577406]
0,[-0.33905128  0.33177114]
0,[ 1.2483437 -0.8195458]
0,[ 2.1661015 -3.1688538]
0,[ 3.2859309 -3.1914146]
0,[ 2.2482438 -2.1806984]
0,[ 2.0295987 -2.513797 ]
0,[ 1.7169347 -1.9032784]
0,[ 2.143936  -1.4641552]
0,[ 3.9413383 -3.271616 ]
0,[ 0.73117524 -0.71797794]
0,[ 2.001381  -1.3561507]
0,[ 2.1189952 -1.7889242]
1,[-0.9379038  1.9073738]
0,[ 2.3452582 -2.0786307]
0,[ 1.0138317 -2.191572 ]
0,[ 3.1147366 -2.9010675]
0,[ 1.0724769 -1.1061741]
0,[ 1.921704 -1.301876]
0,[ 1.1405708 -1.105401 ]
0,[ 2.359246  -2.4262648]
0,[ 3.0400038 -2.4479454]
0,[ 2.1418808 -1.7670697]
0,[ 3.4179537 -2.7502556]
0,[ 3.6021032 -3.280328 ]
0,[ 1.0521805 -1.0791258]
0,[ 3.0165818 -2.0019448]
0,[ 2.545635  -2.1244907]
0,[ 1.2280405 -1.747881 ]
0,[ 2.3534198 -2.4041605]
0,[ 3.1611001 -3.0103421]
0,[ 2.973946  -2.9229553]
0,[ 2.805944  -2.9479578]
0,[ 3.5167127 -2.9003162]
0,[ 2.9844797 -2.851308 ]
0,[ 3.1106603 -3.696011 ]
0,[ 3.24993   -3.1397603]
0,[ 2.1470091 -1.6902236]
0,[ 2.9539385 -3.030156 ]
0,[ 1.6638339 -1.4587139]
0,[ 2.472439  -2.3420565]
0,[ 2.3240855 -2.5387568]
1,[-1.4663581  2.1624992]
0,[ 1.8167179 -1.4561653]
0,[ 2.8878064 -2.8469927]
0,[ 3.7891695 -2.1159213]
0,[ 3.420992 -2.069205]
0,[ 2.0999613 -1.7438475]
0,[ 1.6680956 -1.734259 ]
0,[ 1.1287272 -1.7481426]
0,[ 3.0432186 -2.5646713]
0,[0.5550761  0.24879932]
0,[ 3.0934145 -3.4051642]
0,[ 2.526128  -1.8317349]
0,[ 3.6227582 -3.027327 ]
0,[ 3.046223  -2.2816658]
1,[-1.3268063  2.4794037]
0,[-0.24362749  0.16168968]
0,[ 2.6441317 -2.5069597]
0,[ 1.501704  -1.3619261]
0,[ 2.8746593 -3.3138142]
0,[ 2.6133258 -2.9576437]
1,[-2.3412445  4.313031 ]
0,[-0.5876717  1.0460136]
0,[ 2.4678156 -2.1331155]
0,[ 2.7893958 -2.1169555]
0,[ 1.5025988 -1.518751 ]
0,[ 3.359497  -2.9621403]
0,[ 2.8820896 -2.7479222]
0,[ 1.6660542 -1.4075707]
0,[ 1.7827308 -1.8519413]
0,[ 3.0836859 -3.1853175]
0,[ 2.3551745 -2.7950606]
0,[ 3.777393  -2.4487643]
0,[ 1.7866375 -1.8428929]
0,[ 1.8082292 -2.0608373]
1,[-0.6598563  0.5119242]
0,[ 1.5671568 -1.1194062]
0,[ 3.1663857 -2.5860069]
0,[ 2.0791311 -1.9551666]
0,[ 2.2559404 -1.5445694]
0,[ 1.8077362 -2.3226943]
0,[ 1.7489312 -1.7666266]
0,[ 3.5865486 -3.787398 ]
0,[ 3.4466383 -3.217088 ]
0,[ 1.5671188 -1.3971479]
0,[ 2.7725766 -3.1330829]
0,[ 3.7854023 -3.982227 ]
0,[ 2.6146913 -2.515142 ]
1,[0.43016157 1.0086907 ]
0,[ 2.9468377 -2.760714 ]
1,[ 1.1575    -0.8065051]
0,[ 3.4764385 -3.1392987]
1,[-2.754166   2.4591503]
0,[ 0.40523738 -0.15386635]
0,[ 2.878194 -2.64882 ]
0,[ 1.2943221  -0.89140356]
0,[ 3.2434728 -2.639991 ]
0,[ 2.196575  -1.6066836]
0,[ 2.2979467 -1.8439399]
0,[ 2.245428  -2.7816114]
0,[ 1.5961974 -1.74972  ]
0,[ 2.741333  -2.0333984]
0,[ 3.0871587 -2.2303963]
0,[ 1.5096805 -1.0315875]
0,[ 3.070735  -2.6872573]
0,[-1.1200848  0.9206137]
0,[ 2.93638  -2.714497]
0,[ 2.107881 -2.281004]
0,[ 2.16225   -2.4110434]
0,[ 1.3294814 -1.661604 ]
0,[-1.1589864  1.6018538]
0,[ 4.071391 -3.845021]
0,[ 1.9521283 -1.9371243]
0,[ 2.3786275 -1.8784385]
1,[-0.90937036  1.2449282 ]
0,[ 2.5672324 -1.4452711]
0,[ 1.3225799 -1.6741562]
0,[ 1.3009933 -1.0102689]
1,[-1.1995735  1.9226454]
0,[ 1.3398563 -1.9983897]
0,[-0.3001192   0.69997066]
0,[ 2.192272  -2.1642146]
0,[ 1.1827765 -1.7522898]
1,[ 0.08536883 -0.11963847]
0,[ 2.5794113 -2.9794543]
0,[ 3.2750585 -3.4998956]
0,[ 2.896308 -2.60706 ]
0,[ 1.9832339 -1.6850585]
0,[ 2.3467064 -1.8648432]
0,[ 0.32859045 -0.6184023 ]
0,[ 2.2418454 -2.340926 ]
0,[ 2.287883  -2.3535795]
0,[ 1.6876972 -2.0102298]
0,[ 2.5753984 -2.9651399]
0,[ 1.4945986  -0.48910227]
0,[ 1.5868121 -1.8016527]
0,[ 2.686672 -2.423177]
0,[ 1.3173978 -1.3517869]
0,[ 2.0605435 -2.3298202]
0,[-2.3963532  3.058974 ]
0,[ 2.8249042 -2.5915034]
0,[ 2.0564308 -1.431667 ]
0,[ 1.9455172  -0.74841285]
1,[-0.03664793  0.7933968 ]
0,[ 2.0407047 -1.5919106]
0,[ 1.5189047 -1.7097361]
0,[ 1.9416773 -2.6180685]
1,[-2.5360491  3.1028552]
0,[ 3.6832693 -3.0660772]
0,[ 1.9372684 -1.8133137]
0,[ 3.3077676 -3.4604206]
0,[ 0.66830605 -0.0574089 ]
0,[ 2.3485563 -2.0821772]
0,[ 1.0483245 -1.3010257]
0,[ 2.2366383 -2.5381048]
0,[ 1.4190521 -1.6600302]
0,[ 0.09795898 -0.24058893]
0,[ 0.762108  -1.3548588]
0,[ 0.65999407 -0.26344097]
0,[ 1.8425827 -1.8661758]
0,[ 3.4869568 -2.7279265]
0,[ 1.2395325 -1.402075 ]
0,[ 2.4757562 -2.7181864]
0,[ 2.449085  -2.4687579]
0,[ 2.5927215 -2.9348626]
0,[ 2.9036353 -3.0006428]
0,[ 1.1459856 -0.4684534]
0,[ 2.5168128 -1.8665906]
0,[ 2.3045974 -3.312695 ]
0,[ 4.288274  -3.4253178]
0,[ 2.0969577 -1.1755283]
0,[ 3.1576219 -2.68297  ]
1,[-0.32862356  0.4990966 ]
0,[ 2.7452679 -2.9558952]
0,[ 3.1848168 -2.2704558]
0,[ 1.6122389 -1.2805753]
0,[ 1.3362124 -1.1170179]
0,[ 3.243375  -3.0194635]
0,[ 2.1653764 -2.6515322]
0,[ 3.095457  -2.7685912]
0,[ 3.0581183 -2.593249 ]
0,[ 2.4228141 -2.783279 ]
0,[ 1.995697  -2.1199753]
0,[ 2.037183  -1.5856189]
1,[-1.7208885  2.0913584]
1,[-3.0008836  3.05621  ]
0,[ 3.2233782 -2.5319352]
0,[ 1.6784441 -1.0591725]
1,[0.04549905 0.88741404]
0,[ 2.5624776 -2.6350563]
0,[ 2.6344671 -2.419367 ]
0,[ 2.3495922 -2.0247393]
0,[ 1.3769975 -1.9523959]
0,[ 1.9525136 -1.5448016]
0,[ 3.3364737 -2.838516 ]
0,[ 2.8958735 -2.0575342]
0,[ 0.28502646 -0.85304695]
0,[ 3.1835485 -2.7325354]
0,[ 0.7703464  -0.01607506]
0,[ 2.2156982 -1.8964729]
0,[ 2.4634848 -1.5984833]
0,[ 2.321465  -2.7745986]
0,[ 1.9456902 -1.9272925]
0,[ 2.5069878 -3.0956554]
1,[-0.00071096  0.11430445]
0,[ 1.4321097 -1.5921936]
0,[ 2.2140045 -2.6131058]
0,[ 2.5789742 -2.8916075]
0,[ 3.1771336 -3.1041229]
0,[ 3.0565472 -2.1238844]
0,[ 2.167928  -2.6960046]
0,[ 4.0543556 -2.1075633]
0,[-1.2507645  1.9715959]
0,[ 2.3021784 -2.102778 ]
0,[ 0.8797352  -0.53955096]
0,[ 3.0422306 -2.8199093]
0,[ 1.9225587 -1.9607666]
0,[ 1.9050838 -1.6831528]
0,[ 2.1224282 -1.7416523]
0,[ 2.2706814 -2.5248156]
0,[ 1.59989    -0.98121524]
0,[ 3.3626125 -2.7356343]
0,[ 1.988555  -2.1018503]
0,[-1.5243374  2.1351194]
0,[ 0.5677631  -0.40317976]
0,[ 2.3574831 -2.9692554]
0,[ 1.4008718 -1.7279321]
0,[ 1.9892249 -2.3525698]
0,[ 1.4431063 -1.4603176]
0,[ 2.742489  -2.0717368]
0,[ 3.309138 -2.39547 ]
0,[ 1.6688786 -1.620462 ]
0,[ 3.05084   -3.0069745]
0,[ 2.4090261 -2.5250728]
0,[ 2.4447315 -2.4623013]
0,[ 3.3788457 -2.8539085]
1,[-2.0532656  2.132162 ]
0,[ 1.7870302 -2.0696673]
0,[ 4.1245837 -4.085397 ]
0,[ 3.5572808 -4.056316 ]
0,[-0.08479136  1.1274428 ]
0,[ 1.6227425 -1.3443695]
0,[ 1.9179419 -1.7461855]
0,[ 1.345891  -1.1888438]
0,[ 2.52136   -2.7149365]
0,[ 1.1146935 -1.1000862]
0,[ 2.656766  -2.5387814]
0,[ 3.2525616 -3.2861128]
1,[-1.4902726  1.6138403]
0,[ 3.7420325 -3.2775593]
0,[ 1.7542124 -1.5943938]
0,[ 3.1395736 -2.8132906]
0,[ 1.3518366  -0.81576896]
0,[ 2.5604663 -2.8151574]
0,[-0.7271074  0.8412835]
0,[ 3.078526  -2.7636368]
0,[ 2.6439967 -1.9082457]
0,[ 2.5324805 -2.2949674]
0,[ 1.6366185 -1.4933623]
0,[ 3.3298547 -2.819048 ]
0,[ 2.6692262 -2.468841 ]
0,[ 0.9030637 -1.1831931]
0,[ 1.8460728 -2.393199 ]
0,[ 2.4937992 -2.3349533]
0,[ 1.6120863 -1.8726029]
0,[ 2.482145  -1.8235582]
0,[ 3.2824848 -2.127042 ]
0,[ 2.060675  -2.0254583]
0,[ 1.7888436 -2.1722908]
0,[ 3.354278  -2.7145505]
0,[ 1.7150502 -0.9707323]
0,[-0.32794717  0.5643584 ]
0,[ 1.3746538  -0.38239542]
0,[ 3.2508898 -2.9516637]
0,[ 1.618021  -1.6643392]
0,[ 2.670353  -2.3198369]
0,[ 1.8674698 -1.8020791]
0,[ 2.932039  -3.2224176]
0,[ 0.60403776 -1.2438362 ]
0,[ 2.4807217 -2.1324732]
0,[ 2.1844049 -1.7556969]
0,[ 2.5813937 -2.4360704]
0,[ 1.1486137 -1.2726613]
0,[ 2.0458722 -1.758176 ]
0,[ 2.3207939 -2.167496 ]
0,[ 2.7458751 -2.645797 ]
0,[ 2.149118 -1.745394]
0,[ 1.3331069 -1.4586433]
0,[ 2.8234262 -2.6208618]
0,[ 2.007242  -2.0850365]
0,[ 1.7105536 -1.675459 ]
0,[ 2.7686212 -2.7164083]
0,[ 2.3146887 -2.2322264]
0,[ 2.426071  -2.3515997]
0,[ 1.3168148  -0.67527103]
0,[ 0.18733726 -0.39831647]
0,[ 3.1271698 -2.217019 ]
0,[ 1.6109858 -1.5334522]
0,[ 2.9071877 -3.2128947]
0,[ 1.118234 -0.527329]
0,[ 2.562105  -2.6837807]
0,[ 2.3881333 -2.094042 ]
1,[-2.214953   3.0222154]
0,[ 1.7054012 -1.3659066]
0,[ 3.1917982 -2.4559968]
1,[-1.6354264  1.977959 ]
0,[ 2.3281589 -2.1366768]
0,[ 2.5443392 -3.0179815]
0,[ 2.3747015 -2.6256444]
0,[ 2.5223117 -2.0121691]
0,[ 2.2922034 -1.541907 ]
0,[ 1.683383  -1.6197375]
0,[ 3.1970642 -3.23478  ]
0,[ 1.6795067 -2.5904772]
0,[ 0.8320648 -0.6751891]
0,[ 0.7437909  -0.79046226]
0,[ 3.4420626 -2.852003 ]
0,[ 2.7974842 -3.0206947]
0,[ 1.7072315 -1.8175696]
0,[ 2.7476182 -2.1790864]
0,[ 2.673316  -2.4687254]
0,[ 1.5310419 -1.9284338]
0,[ 2.2839887 -2.1524403]
0,[ 2.0584898 -2.244224 ]
0,[ 1.3161157 -0.6431346]
0,[ 1.7509813 -1.9276689]
1,[ 1.1714395 -1.0146879]
0,[ 1.9233354 -1.3481956]
0,[ 3.2868195 -2.7328434]
0,[ 2.2173383 -2.0823243]
0,[ 1.7007551 -1.8133847]
0,[ 2.9528666 -2.0900958]
1,[-0.37096503  1.3257544 ]
0,[ 2.640019  -2.2579362]
0,[ 1.974097  -1.7535752]
0,[ 2.669528  -2.3626997]
0,[-0.3189907  0.5745018]
0,[ 2.2726464 -2.2177753]
0,[ 3.1272736 -2.348767 ]
0,[ 2.9122498 -2.7257469]
0,[ 1.0641756  -0.55022687]
1,[-0.66832054  1.3488046 ]
0,[ 1.7939285 -1.7953358]
0,[ 3.6030426 -3.0186512]
0,[ 1.4415209 -1.5941826]
1,[-1.3445234  1.5265708]
0,[ 1.1246766 -1.1641842]
0,[ 1.3862199 -0.5066559]
1,[-1.7858001  2.4012923]
0,[ 3.0946262 -2.58164  ]
0,[ 2.887508 -2.709112]
0,[ 1.2878621 -1.7344579]
0,[ 3.957844 -3.747557]
0,[ 2.5116763 -2.958606 ]
0,[ 1.8834786 -2.0690913]
0,[ 1.7966087 -1.1594328]
1,[-1.9194624  2.1228328]
0,[ 2.3526938 -2.0466251]
0,[ 1.7130394 -2.2311196]
0,[ 3.0225573 -3.567588 ]
0,[ 0.5861216  -0.20118248]
0,[ 1.0312853 -1.0795463]
0,[ 2.547014  -2.2215066]
0,[ 3.3992116 -3.1484814]
0,[ 1.9752896 -2.1663752]
0,[ 2.9732938 -2.3657856]
0,[ 1.7658762 -1.581005 ]
0,[ 2.2998884 -2.2886217]
0,[-0.70291275  0.7308001 ]
0,[ 0.22359186 -0.68935364]
1,[-0.9528561  1.7648691]
0,[ 2.3371384 -2.1858687]
0,[ 2.7498388 -2.2045362]
0,[ 1.9789646 -2.0885892]
0,[ 3.6120183 -3.0231516]
1,[-1.2421244  1.2370538]
0,[ 3.1160402 -2.4874682]
0,[ 3.033622  -2.2962477]
0,[ 3.4104626 -3.6148489]
0,[ 1.0438302 -1.1319834]
0,[ 1.8282838 -2.041198 ]
0,[ 2.3877573 -2.4420211]
0,[ 3.006702 -3.974027]
0,[ 2.8488214 -1.8586763]
0,[ 1.2296004 -1.28307  ]
0,[ 1.5342103 -1.3977467]
0,[ 2.6663418 -2.258031 ]
1,[-1.351687   2.5088365]
0,[ 2.811544  -2.4347417]
0,[ 1.8581614 -0.9869278]
0,[ 1.7168428 -1.9459302]
0,[ 3.5951312 -4.108551 ]
0,[0.87547606 0.00463348]
0,[ 0.29454163 -0.27337414]
0,[ 3.722134 -3.635706]
0,[ 1.8892287 -1.829728 ]
0,[ 1.265581  -1.4600698]
0,[ 1.4865652 -1.2826867]
0,[ 2.1106598 -2.141638 ]
0,[-0.5941815  1.1167486]
0,[ 3.1861145 -2.5479858]
0,[0.2685713  0.03734362]
0,[ 2.803349  -2.5342643]
0,[ 2.457507  -2.1889584]
0,[ 1.6394883 -2.272773 ]
0,[ 1.5312074 -0.9128212]
0,[ 1.6874182 -1.512776 ]
0,[ 1.3035523 -1.0610875]
0,[ 2.0258553 -1.5707394]
0,[ 2.789402  -2.7888315]
0,[ 1.2067529 -1.0494028]
0,[ 2.7480485 -2.617074 ]
0,[ 2.3657107 -2.4988744]
1,[-2.1608617  2.0528681]
0,[0.37935084 0.36322716]
0,[ 2.9879732 -2.2887297]
0,[ 1.0879126 -0.1628862]
0,[ 1.6893892 -1.859333 ]
0,[ 2.6820426 -1.8384141]
0,[ 2.8530369 -3.5654576]
0,[ 1.3607131 -1.27549  ]
0,[ 3.7580404 -4.289536 ]
0,[ 1.9206845 -1.339825 ]
0,[ 2.4524238 -2.5102425]
0,[ 2.485728 -2.774159]
0,[ 2.8783774 -2.9355774]
0,[ 3.7546341 -3.2308564]
0,[ 2.607316  -3.0424676]
0,[ 2.094082 -1.718759]
0,[ 1.7288727 -2.1621594]
0,[ 2.725108 -2.616236]
0,[ 2.0653892 -1.89845  ]
0,[ 3.8585424 -2.8294296]
0,[ 1.8566492 -1.8346955]
0,[ 2.010274  -2.1358557]
0,[ 0.80569226 -0.5519198 ]
0,[ 2.2054367 -2.4823937]
0,[ 2.2994356 -2.367007 ]
0,[ 0.88083565 -0.08592832]
0,[ 1.5120664 -2.601463 ]
0,[ 3.0117705 -2.3571277]
0,[ 1.4914296 -1.7125902]
0,[ 1.749618  -2.1648273]
0,[ 1.8692327 -2.0238109]
0,[ 2.0959098 -1.7445301]
0,[ 1.1863996 -1.353156 ]
0,[ 0.78097004 -0.74923575]
0,[ 2.6935198 -2.5161061]
0,[ 2.9410582 -3.0299819]
0,[ 2.303107 -2.273459]
0,[ 1.9320122 -1.0303395]
0,[ 2.3897655 -2.8764918]
0,[ 0.64647883 -0.81204313]
0,[ 3.0777338 -3.470852 ]
0,[-1.2375084  2.6872406]
0,[ 1.4035649 -1.8121988]
1,[-1.2000453  2.1791413]
1,[-1.8702842  1.8131815]
0,[ 4.0570483 -3.2420409]
0,[ 1.3971877 -0.8986311]
0,[ 1.664063  -1.7679245]
0,[ 2.31422   -2.1973834]
0,[ 2.2508838 -2.1253939]
0,[ 2.1679306 -2.6830678]
0,[ 0.8748068 -0.6958058]
0,[ 1.7020566 -2.3933415]
0,[ 0.8316742  -0.04320922]
0,[ 3.1724877 -2.978576 ]
0,[ 3.5324144 -2.6835167]
1,[-3.0485485  3.686096 ]
1,[-1.4374093  1.928255 ]
0,[ 2.8703763 -3.0016756]
0,[ 3.6421213 -2.6065865]
0,[ 1.5018435 -1.8543682]
0,[ 2.3683887 -2.319888 ]
0,[ 1.7007982 -2.4209898]
0,[ 1.3946784 -1.4264607]
0,[ 2.966661  -2.0966713]
0,[ 2.106233  -1.9323695]
0,[ 2.6810489 -2.7883587]
1,[-0.73488164  0.7994108 ]
0,[ 2.8251975 -3.2120512]
0,[ 1.5987098 -1.625496 ]
0,[ 1.7688589 -1.3473558]
0,[ 1.6146138 -1.1842741]
0,[ 1.8576194 -1.4623184]
0,[-1.8975263  2.5164049]
0,[ 2.9317799 -3.4130328]
1,[-0.8897769  0.913644 ]
0,[ 1.3275859 -1.428635 ]
0,[ 2.145745 -2.564   ]
0,[ 2.6877997 -2.4258573]
0,[ 2.5348973 -2.4531236]
0,[ 2.6019955 -1.9924684]
0,[ 2.192409  -2.4491282]
0,[ 0.34865925 -1.0301303 ]
0,[ 3.0808032 -2.7002141]
0,[ 0.93476284 -1.0396252 ]
0,[ 4.0096445 -3.13205  ]
0,[ 2.911355  -2.7709525]
1,[-1.5492824  1.8568612]
0,[ 0.29946104 -0.22041932]
0,[ 2.1656597 -2.1451895]
0,[ 2.1398537 -1.9597365]
0,[ 1.5903597 -2.3105903]
0,[ 2.5455909 -2.8005488]
0,[ 3.8440723 -3.7512245]
0,[0.00715109 0.03737323]
0,[-1.5304884  2.245565 ]
0,[ 2.4198403 -2.1846387]
1,[-0.7650419  1.3067821]
0,[ 1.6204625 -1.3256626]
0,[ 1.0711917 -0.6489287]
0,[ 1.3801477 -1.1587988]
0,[ 4.336337  -3.0373366]
0,[ 3.120313  -3.1601925]
0,[ 2.756761  -1.3772289]
0,[ 3.0506861 -2.3403347]
0,[-0.09430446 -0.15535429]
0,[-0.6262774  1.2109032]
0,[ 2.1355393 -0.9007934]
0,[ 3.7067385 -2.573229 ]
0,[ 0.4904655  -0.19658804]
0,[ 1.438345 -1.214112]
0,[ 1.9147707 -2.1073294]
0,[ 0.79758006 -1.0557597 ]
0,[ 1.7942727 -1.7997762]
0,[ 2.9126863 -3.4043381]
0,[ 1.7437613 -2.0009744]
0,[ 3.1713095 -3.2693439]
0,[ 3.204479  -3.0753317]
1,[-0.09690218  1.095511  ]
0,[ 1.8963325 -1.1489787]
0,[ 2.8557484 -3.4613266]
0,[ 2.3031473 -2.4805849]
0,[ 2.7365036 -2.7689667]
0,[ 1.5305629 -2.010216 ]
0,[ 1.9275892 -2.3499107]
0,[ 3.9743414 -3.1205246]
0,[ 2.3472745 -2.9245486]
0,[ 0.05270968 -0.6869759 ]
0,[ 2.6129405 -2.7832003]
0,[ 3.3202724 -3.4049208]
0,[ 2.2286823 -1.6223756]
0,[ 2.9245658 -2.589538 ]
0,[ 2.9973493 -3.208559 ]
0,[ 1.5890923 -2.2564883]
0,[ 0.82974267 -1.0114769 ]
0,[ 1.2009147 -1.345962 ]
0,[ 3.4464772 -2.666294 ]
0,[ 2.8845894 -2.6740463]
0,[ 1.9074608 -1.772182 ]
0,[ 1.7920592 -1.8763056]
0,[ 0.9216841  -0.19489728]
0,[ 2.050966  -1.7888672]
0,[ 0.86259985 -1.4255713 ]
0,[ 2.3819509 -2.7302983]
0,[ 2.7089787 -3.1040766]
0,[-1.1355808  1.6657389]
1,[ 1.2137371 -1.6210856]
0,[ 2.6423044 -2.9498456]
0,[ 0.52174026 -0.13916245]
0,[ 2.2928376 -2.3594573]
0,[ 2.7806487 -1.7572848]
0,[ 3.6626372 -3.784081 ]
0,[ 0.7022688 -0.5083156]
0,[ 2.0620496 -1.9919066]
0,[ 1.7597021 -1.961686 ]
0,[ 1.983422  -1.1414385]
0,[ 2.9042993 -3.2345083]
0,[ 3.532967  -3.3483763]
0,[ 2.3839447 -2.4236221]
0,[ 1.8209882 -1.8972601]
0,[ 2.0018232 -1.8188082]
0,[ 3.8425503 -3.202166 ]
0,[ 2.2690525 -2.6299717]
0,[ 0.6324748 -1.3606814]
0,[ 3.8355138 -3.7497458]
0,[ 2.7889495 -2.4220433]
0,[ 3.084074  -3.5016031]
0,[ 2.1767278 -2.6631038]
1,[-1.8506175  2.0925128]
0,[ 3.0068448 -2.1886036]
0,[ 1.6964694 -2.0783374]
0,[ 1.4070678 -0.9655358]
0,[ 2.4581838 -2.3937242]
0,[ 2.6494207 -2.3873491]
1,[-1.9957201  2.1022732]
0,[ 3.0029385 -3.1442058]
0,[ 1.710842  -1.7187837]
0,[ 0.9048862 -0.8130682]
0,[ 1.1478816 -1.089949 ]
0,[ 2.700071  -1.5326986]
0,[ 3.2616775 -2.6420674]
0,[ 1.5764277 -1.3743201]
0,[ 2.8727286 -2.5156384]
0,[ 2.4543495 -2.7206523]
0,[ 3.3961172 -3.0235665]
0,[ 1.5966085 -1.4555306]
0,[ 0.9082857 -1.0292829]
0,[ 2.7376542 -2.7001822]
1,[0.63681024 0.20723456]
0,[ 1.5838648 -1.4022721]
0,[ 2.8280766 -2.376372 ]
0,[ 2.4398417 -1.9238526]
0,[ 1.9429972 -1.6278884]
0,[ 2.255803  -2.0325212]
0,[ 2.2943687 -1.9174521]
0,[ 2.6442394 -2.2233834]
0,[ 1.795814  -1.7524779]
0,[ 2.8536906 -2.2200031]
0,[ 3.2062316 -2.5665033]
0,[ 1.5034345 -0.8056454]
0,[ 0.95603293 -0.46790847]
0,[ 3.1484046 -3.4047332]
0,[ 2.3910446 -2.3632934]
0,[ 4.3173323 -3.0611284]
0,[ 1.6931547 -1.6002842]
0,[ 3.023339  -2.7765124]
0,[ 2.020737  -2.0875294]
0,[ 3.50283   -3.0910773]
0,[ 1.9841573 -2.2402592]
0,[ 1.6409558 -1.7154843]
0,[ 3.361437  -3.3205667]
0,[ 3.9262054 -4.3007574]
0,[ 1.2732532 -1.6256014]
0,[ 1.5213945  -0.34853533]
0,[ 3.4156952 -3.8739266]
0,[ 1.677399  -1.9642003]
1,[-0.49029103  0.5962246 ]
0,[ 3.3655498 -3.4347792]
0,[ 1.8727376 -1.9523778]
0,[ 2.2280397 -2.5744426]
0,[ 1.9935365 -2.4294863]
0,[ 3.4548297 -2.6676269]
0,[ 2.7772617 -3.1894941]
0,[ 1.5366957 -1.4721657]
0,[ 1.2737758 -1.46416  ]
0,[-1.8584304  1.9402486]
0,[ 3.3829238 -3.2160525]
0,[ 1.9932005 -1.9471858]
0,[ 2.836433 -2.419571]
0,[ 1.7618954 -2.2249672]
0,[ 1.271321 -2.14459 ]
1,[-1.9641259  3.4558592]
0,[ 1.7728019 -1.824912 ]
0,[ 3.0563412 -2.688    ]
0,[ 3.1464274 -3.101298 ]
0,[ 1.984807  -1.6326174]
0,[ 0.8017537 -0.6888325]
0,[ 2.927779  -3.0681748]
0,[ 1.053224  -0.5331316]
0,[ 2.495576  -2.6116061]
0,[ 0.6288803 -0.7385417]
0,[ 2.0951986 -2.1416485]
0,[ 1.7698116 -0.9885411]
0,[ 3.670405  -3.3523448]
0,[ 1.4956094 -1.5118778]
0,[ 2.5432346 -2.0627093]
0,[ 0.94629806 -0.07511333]
0,[ 2.263881  -2.6509972]
0,[ 1.7552233 -1.8579606]
0,[ 1.2604884  -0.59273076]
1,[-2.0964308  3.218215 ]
0,[ 2.333172  -1.9565102]
0,[ 1.4949999 -1.0463609]
0,[ 3.2603145 -3.0648513]
0,[ 1.3290964 -0.9822097]
0,[ 2.365164  -1.1314344]
0,[ 1.3806481  -0.77596134]
0,[ 1.2805169 -2.1363337]
1,[-1.2797228  1.5478671]
0,[ 2.2694335 -1.9432033]
0,[ 4.313314 -3.25242 ]
0,[ 2.4510121 -2.2617965]
0,[ 2.5667372 -3.0195355]
0,[ 1.789843   -0.81931424]
0,[ 3.0061965 -2.0830061]
0,[ 2.3284416 -2.899432 ]
0,[ 3.3638523 -2.694549 ]
0,[ 2.6020985 -2.7889256]
0,[-0.15541787  0.08895972]
0,[ 3.0872695 -2.6077328]
0,[ 1.2484349 -0.6713979]
0,[-1.6162617  1.8859868]
0,[ 3.044288  -3.2836027]
0,[ 0.8968253 -0.670778 ]
1,[-1.9584833  1.8231876]
0,[ 3.2718186 -3.0212436]
0,[-1.6158234  2.1151538]
0,[ 4.1818175 -2.8150976]
0,[ 2.4598262 -2.2120826]
0,[ 3.3126643 -3.984617 ]
1,[-2.4285848  3.3361387]
0,[ 2.2208369 -2.6338282]
0,[ 1.6674429 -1.7885586]
0,[ 2.1899529 -2.3010566]
0,[ 2.6610434 -2.8029785]
0,[ 2.559207  -2.4604619]
0,[ 2.4094033 -2.602083 ]
0,[ 3.561473  -3.4132524]
0,[ 2.1998727 -2.9068198]
0,[ 2.3902245 -2.1135817]
0,[ 2.798591 -2.821544]
0,[ 2.2736976 -1.4310725]
0,[ 1.7073087 -2.2247632]
0,[ 1.4624685 -1.0635821]
0,[ 2.9659674 -2.8631632]
0,[ 1.6711912 -1.9921025]
0,[ 2.0675647 -1.6614954]
0,[ 3.34099  -2.761633]
1,[-1.0937052  1.7173951]
1,[0.05853966 0.723111  ]
0,[ 2.3554366 -2.5264828]
0,[ 2.3339655 -2.4760654]
0,[ 2.9545817 -2.2329774]
0,[ 2.5167816 -2.5876358]
0,[ 2.597425  -2.5045128]
0,[ 2.2552354 -1.9406534]
0,[ 3.574788  -2.8687675]
0,[ 0.72698987 -0.7785754 ]
0,[ 1.5993546 -2.163374 ]
0,[ 1.78468   -1.3709229]
0,[ 1.6281791 -1.8469394]
0,[ 3.1484978 -2.929095 ]
0,[ 2.7726452 -3.2961433]
0,[-0.18875402 -0.33525452]
0,[ 2.1824732 -2.455234 ]
0,[ 3.4587026 -2.9976847]
1,[-1.0731401  1.9729129]
0,[ 1.842546  -1.1399242]
1,[-1.6156954  1.8105464]
0,[ 1.9243155 -2.3895152]
0,[ 1.9141103 -1.46134  ]
0,[ 2.7292106 -2.7681427]
0,[ 2.3539696 -1.9605631]
0,[ 2.0632157 -2.2914872]
0,[ 0.74285036 -0.27358523]
0,[ 1.0948231 -1.0490513]
0,[ 4.710496  -3.8880553]
0,[ 2.5658367 -2.8950472]
0,[ 2.4812963 -2.5301402]
0,[ 1.2145385 -1.3202972]
0,[ 3.1678834 -2.468774 ]
0,[ 3.803111  -2.8095465]
1,[-0.7743793   0.32446307]
0,[ 3.187468  -3.4069495]
0,[ 1.3244872 -1.2339556]
0,[ 1.7292013 -1.866528 ]
0,[ 2.601056  -2.5887904]
0,[ 1.684819  -1.4993762]
0,[ 2.527125 -2.817888]
0,[ 3.6194565 -4.0350356]
0,[ 3.198619  -2.9844685]
0,[ 1.647826  -2.0198312]
1,[-0.05462225  0.4823757 ]
0,[ 2.2950625 -2.6607015]
0,[ 2.4577336 -1.7517821]
0,[ 2.2823    -2.1113615]
0,[ 1.2759675  -0.48565063]
0,[ 2.9633908 -3.2110305]
0,[ 0.8297826  -0.68622446]
0,[-0.27310055  1.3680872 ]
0,[ 2.9915998 -3.0864081]
0,[ 1.7178977 -1.9829956]
0,[ 1.3162979  -0.54226047]
0,[ 1.6935688 -1.7263275]
0,[ 0.22130588 -0.02482477]
0,[0.545151  0.7502951]
0,[ 1.7924955 -1.9470669]
1,[-0.96428245  2.0065997 ]
0,[ 1.7273039 -1.4915017]
0,[ 3.0780635 -3.2249413]
0,[ 2.1447835 -2.1006136]
0,[-0.39823171  0.98903745]
0,[ 3.1189475 -3.3786669]
0,[ 0.43372563 -0.6825462 ]
1,[-0.9003596  1.3036809]
0,[ 1.6936431  -0.38884434]
0,[ 2.6912549 -2.4084527]
0,[ 2.8947482 -2.3476083]
0,[ 2.350948 -2.689076]
0,[ 1.3092695  -0.32705376]
0,[ 2.7629025 -2.1570761]
0,[ 2.0826664 -2.3490732]
0,[ 3.0434177 -2.45682  ]
0,[ 2.1671448 -2.2872446]
0,[ 2.2314024 -2.9827914]
0,[ 2.7846732 -1.9591068]
0,[ 1.9531826 -2.170739 ]
0,[ 4.5373077 -3.7469237]
0,[ 3.686302  -3.5406199]
0,[ 2.6292262 -2.2792807]
0,[ 2.897141  -1.2075043]
0,[ 2.2078469 -1.6646446]
0,[ 3.3111098 -3.21172  ]
0,[ 2.651886  -2.7426383]
0,[ 3.470687  -3.3757026]
0,[ 1.0528198  -0.01781707]
0,[ 3.9073274 -3.4034126]
0,[ 2.2463176 -2.1113667]
0,[ 2.546968  -2.4148536]
0,[ 2.1139095 -2.45526  ]
0,[ 2.3429415 -2.188406 ]
0,[ 0.7307003  -0.20427875]
0,[ 2.3337533 -2.5783165]
0,[ 2.555696  -2.4070244]
0,[ 3.1822338 -2.0532644]
0,[ 2.0122814 -1.53644  ]
0,[ 3.0836718 -3.1327846]
0,[ 4.0482054 -3.4309402]
1,[ 0.49308494 -0.32230577]
0,[ 2.2271156 -2.518197 ]
0,[ 0.8453316 -1.1173774]
0,[ 1.5953586 -1.5512707]
0,[ 1.8224192 -1.8801346]
0,[ 2.0976763 -1.7000797]
0,[ 2.810878 -2.308465]
0,[ 2.4787424 -2.3797448]
0,[ 2.8597293 -2.372221 ]
1,[ 0.2984812  -0.06850895]
0,[ 2.7167342 -2.810857 ]
0,[ 2.9129121 -2.757695 ]
0,[ 4.208093  -2.7488055]
0,[ 0.7658805 -1.0455029]
0,[ 2.0172248 -1.0902556]
0,[ 2.3732643 -2.9462655]
0,[ 2.4505563 -1.7194986]
1,[-0.53324205  1.5481763 ]
0,[ 2.9653773 -2.8544044]
0,[ 3.7542033 -3.6760757]
0,[0.520998   0.40293935]
0,[ 1.7221184 -1.5002433]
0,[ 1.633022  -1.7300435]
0,[ 1.5323845 -0.8245157]
0,[ 1.7331638 -1.7483286]
0,[ 1.2321204 -0.7371227]
0,[ 2.3008208 -1.9451212]
0,[ 0.9100692  -0.48547196]
0,[ 0.5324554  -0.03345844]
0,[ 2.3147933 -1.7344121]
0,[ 2.0728962 -1.9273399]
0,[ 1.8387558 -2.3352473]
0,[ 2.3646176 -2.1725795]
0,[ 2.6809988 -2.7268565]
0,[ 2.9645815 -2.7167335]
0,[ 1.3000956 -1.2727475]
0,[ 2.2920475 -1.3566335]
0,[ 0.6971287 -0.7755062]
0,[ 1.4319117 -1.1168503]
0,[-0.63991135  0.97153527]
0,[ 3.2370498 -2.6106596]
0,[ 1.635968  -2.2761161]
0,[ 3.2157443 -2.6860552]
0,[ 3.1616402 -3.3819392]
0,[ 2.6095066 -2.372913 ]
0,[ 1.3158201 -2.1464534]
0,[ 0.8799484  -0.19356902]
0,[-0.2778455   0.80838186]
0,[-0.8194186  1.5519581]
0,[ 2.9482837 -2.7681897]
0,[ 1.8054457 -1.985991 ]
0,[ 2.0451736 -2.297121 ]
0,[ 2.1282191 -2.2672694]
0,[ 2.5341415 -3.0020423]
0,[ 2.058027  -1.6797165]
0,[ 3.8638449 -3.9080703]
0,[ 2.6421103 -2.4029121]
0,[ 2.673356  -2.4482362]
0,[ 2.7847478 -2.0301445]
0,[ 1.7471087 -1.6355041]
0,[ 1.5542524  -0.87334925]
0,[ 2.1005197 -2.8657825]
0,[ 1.8998771 -2.4910445]
0,[ 3.216517 -3.081336]
0,[ 2.9079812 -2.463907 ]
1,[-0.64444256  0.5242606 ]
0,[ 2.0137298 -2.5552227]
0,[ 3.589827  -2.8323865]
0,[ 3.2892053 -2.676863 ]
0,[ 2.4707828 -1.8053591]
0,[ 1.3539155 -1.4594193]
0,[ 2.8812416 -2.8091621]
0,[ 3.0861146 -3.304856 ]
0,[ 2.675256  -2.6902285]
0,[ 2.6500273 -2.304301 ]
0,[ 1.9579091 -1.7624553]
0,[ 2.2851152 -1.4054815]
0,[ 1.1450541 -0.8258152]
0,[-0.5001098  1.2069961]
0,[ 3.246692  -3.3126905]
0,[ 1.7621216 -1.7378224]
0,[ 2.1353736 -1.1875858]
0,[ 2.082608  -2.1181517]
0,[ 1.4758332 -0.586211 ]
0,[ 2.6165228 -1.9080192]
0,[ 1.9510516 -1.3516879]
0,[ 2.0850236 -1.904305 ]
0,[ 3.0640912 -2.8251042]
0,[ 2.5667226 -2.6090555]
0,[ 2.3499005 -2.3242242]
0,[ 3.3058686 -3.3994792]
0,[ 2.1629045 -1.9503458]
0,[ 2.4475446 -1.8672163]
0,[ 4.1553445 -2.8903198]
0,[ 1.6069198 -1.269712 ]
0,[ 3.3291287 -3.2847548]
0,[ 2.4686356 -3.2901719]
0,[ 2.7463982 -2.8907347]
0,[ 2.5035524 -2.728754 ]
0,[ 1.5279901 -2.271759 ]
0,[ 3.409236 -2.357007]
0,[ 3.237231  -2.9438853]
1,[-0.4790505  0.6092108]
0,[ 1.2162101 -1.7067116]
1,[-0.28829724  0.5218058 ]
0,[ 2.9471595 -2.3509333]
0,[ 1.4757309 -0.8489908]
0,[ 1.322551  -1.1437992]
0,[ 2.2478156 -2.3888319]
0,[ 2.0586622 -1.6095573]
0,[ 2.609169  -2.4905033]
0,[ 3.495757  -3.0105457]
0,[ 2.377404 -2.362277]
0,[ 2.3001108 -2.593156 ]
0,[ 2.2457619 -1.2217818]
0,[ 2.2700937 -2.5188985]
0,[ 2.6068003 -2.525821 ]
0,[ 0.89794743 -0.8992546 ]
0,[ 3.424827  -2.8316112]
0,[ 2.5315983 -1.6272883]
0,[ 2.5264473 -1.7535244]
1,[ 0.86289096 -0.9156994 ]
0,[ 0.50723827 -0.5355476 ]
0,[ 3.019259  -2.4701455]
0,[ 3.1908708 -2.9304333]
0,[ 2.8420858 -2.341246 ]
0,[ 2.701689  -1.8736045]
0,[ 1.736021 -1.122175]
0,[ 3.3671472 -2.9674323]
0,[ 2.2408416 -2.0608616]
0,[ 1.7348552 -1.5870987]
0,[ 1.1474946 -1.2070025]
0,[ 3.0859368 -2.6996682]
1,[-3.0637956  3.181174 ]
0,[ 3.517461 -3.20617 ]
0,[ 2.8757231 -2.0347614]
0,[ 2.3728952 -2.252093 ]
0,[ 1.141693  -1.6098202]
0,[ 2.373546  -1.7641246]
1,[-0.90862054  1.6901804 ]
0,[ 1.9908473 -0.9196643]
0,[ 1.7774386 -1.4982158]
0,[ 2.933501  -2.5316823]
0,[ 2.6973808 -2.8651385]
0,[ 1.166104  -1.8485057]
0,[ 2.171185 -2.040748]
0,[ 2.2593665 -2.5147119]
0,[ 1.5198169 -1.6282219]
0,[ 4.1059146 -3.8916411]
0,[ 2.2176197 -1.0967358]
0,[ 2.7380512 -2.8390086]
0,[ 3.7242472 -3.5117307]
1,[-0.7634316  0.8621761]
0,[ 2.671843 -2.773258]
1,[-0.12791876  0.06274244]
0,[ 1.4369638 -1.3269725]
0,[ 1.2569507  -0.63066965]
0,[ 0.01773899 -0.22244284]
0,[ 2.8416662 -2.5883996]
0,[ 0.9545119 -1.2958292]
1,[-0.01511691  0.8677797 ]
0,[ 2.0460987 -1.9481333]
0,[ 1.3531852 -1.4081372]
0,[ 3.711664  -3.6587121]
0,[ 2.200599 -2.488537]
0,[ 2.6838937 -2.6361558]
0,[ 2.2718616 -1.9553396]
0,[ 1.3995498 -1.9338255]
0,[-0.47722718  0.42202747]
1,[-0.05792688 -0.08969297]
0,[ 2.6323166 -2.2709806]
0,[ 2.6302013 -2.736754 ]
0,[ 2.1136806 -2.4044843]
1,[-1.4687986  1.6130873]
0,[ 1.1441919  -0.83446735]
0,[ 2.2209797 -2.6645944]
0,[ 4.4161515 -3.7967668]
0,[ 3.484712  -2.8833842]
0,[ 3.1047463 -2.4754338]
0,[ 1.3607178 -1.4784197]
0,[ 2.3312733 -2.5752497]
1,[-0.7590278  1.6196561]
0,[ 0.4542511  -0.57415706]
0,[ 1.8858377 -1.9403894]
0,[ 2.2860265 -2.2318466]
0,[ 3.0116725 -3.0472317]
0,[ 3.6488814 -3.3296618]
0,[ 2.3979058 -2.5606058]
0,[ 1.7975273 -1.6327549]
0,[ 3.3221982 -2.2939355]
0,[ 2.8927617 -1.9154924]
0,[ 1.6582961 -1.2203724]
0,[ 0.9852653  -0.56810254]
0,[ 2.5448456 -2.2675638]
0,[ 2.3639517 -2.5055838]
0,[ 1.8349078 -2.4855366]
0,[ 1.860466  -1.8124598]
0,[ 2.0970647 -2.0771596]
0,[ 2.0485632 -1.6852647]
0,[ 3.6649356 -3.1862512]
0,[ 2.06423   -1.4659318]
1,[-0.6145494  1.6028442]
0,[ 3.454899  -3.3522582]
0,[ 2.4634624 -2.185561 ]
0,[ 3.4201455 -3.6754432]
1,[-3.4383497  4.2416177]
0,[ 0.0657251 -0.3003085]
0,[ 3.2061362 -2.774529 ]
0,[ 2.6638882 -1.89066  ]
0,[ 1.9258341 -1.2518145]
0,[ 2.3890028 -2.6362257]
0,[ 3.3234844 -2.7927694]
0,[ 1.8701935 -1.2841028]
0,[ 2.65659   -2.4199162]
0,[ 3.7950714 -3.5010958]
0,[ 2.033931  -1.8456678]
0,[ 2.25711   -2.2863333]
1,[-1.322403  2.029931]
0,[ 2.8712447 -3.092914 ]
1,[-2.1208677  2.435093 ]
0,[ 3.1231334 -2.9839814]
0,[ 3.7716591 -3.6938162]
0,[ 2.102436  -1.8235215]
0,[ 0.3430816 -0.5452015]
0,[ 1.0178037  -0.91164476]
0,[ 0.844532 -0.896412]
0,[ 1.4626563 -1.1201738]
0,[ 2.1844287 -2.4972978]
0,[ 2.313037  -2.6778398]
0,[ 0.33919206 -0.2090134 ]
0,[ 1.6910901 -1.392724 ]
0,[ 1.6866629 -2.2508085]
0,[ 3.0532804 -2.973561 ]
0,[ 3.565381  -3.2827895]
0,[ 3.7054565 -3.3293617]
0,[ 2.1985056 -1.8123102]
0,[ 2.8639884 -3.3179092]
0,[ 2.4851859 -2.3059416]
0,[ 0.97138864 -0.6865471 ]
1,[-0.773083   1.9577576]
0,[ 0.8439058 -0.5248082]
0,[ 2.4733326 -2.4473772]
0,[ 1.7069529 -1.811355 ]
0,[ 2.419669  -2.9288054]
0,[ 3.7485242 -3.846325 ]
0,[ 4.212368  -3.2660785]
0,[ 3.1560895 -3.4657915]
0,[ 3.1297543 -3.6964273]
0,[ 1.2725598 -1.3637908]
0,[ 2.8065753 -3.3879945]
0,[ 1.0365633 -1.091313 ]
0,[ 2.795878  -2.4899237]
0,[ 1.9465759 -1.5568405]
0,[ 1.3638792 -1.1193109]
0,[ 3.6313517 -2.6324008]
0,[ 1.8874055 -1.9932208]
0,[ 3.593567  -3.5773544]
0,[ 1.9603827 -2.0133524]
0,[ 2.1902385 -2.7731602]
0,[ 3.7662745 -3.4333234]
0,[ 3.6718993 -3.0257444]
0,[ 1.1065893 -1.6096104]
0,[ 2.2527313 -2.1258152]
0,[ 1.3097715 -1.9533608]
0,[ 3.0262609 -2.6815615]
0,[ 0.83579504 -1.2450931 ]
1,[-0.98689014  0.6228504 ]
0,[ 1.5667802 -1.529148 ]
1,[-1.1777657  1.249358 ]
0,[ 1.077568   -0.91104954]
0,[ 3.2847512 -3.1522074]
0,[ 2.4098165 -2.031501 ]
0,[ 3.4651935 -2.344237 ]
0,[ 2.896479  -2.2316418]
0,[ 1.9207981 -1.4700927]
0,[ 3.101964 -3.479493]
0,[ 2.890362  -2.1235828]
1,[-0.4307403  1.5915375]
0,[-0.99639857  1.5365433 ]
0,[ 2.0700676 -1.608524 ]
0,[0.407909   0.37672326]
0,[ 1.5488281 -0.9146509]
0,[ 3.3844147 -3.7152383]
0,[ 2.4485312 -2.5135512]
0,[ 3.1227527 -2.963281 ]
0,[ 3.5866864 -2.6330569]
0,[ 2.4956694 -2.784438 ]
0,[ 2.3147132 -1.8059621]
0,[ 2.5292811 -2.6521378]
0,[ 2.0656204 -1.9260623]
0,[ 1.4819318 -1.4747314]
0,[ 2.9086018 -2.8165708]
0,[ 2.1602948 -2.397496 ]
0,[ 1.8272805 -2.0655851]
0,[ 2.668341  -1.8838243]
0,[ 2.1329086 -2.0242567]
0,[ 2.496433  -2.7497237]
1,[-0.1607709  0.44401  ]
0,[ 3.0066142 -2.8654222]
0,[ 0.73693013 -0.7176966 ]
0,[ 1.5829574  -0.90272737]
0,[ 2.1789422 -2.480283 ]
0,[ 2.6768274 -2.0571945]
0,[ 1.956101  -2.0018432]
1,[-1.7572393  2.661934 ]
0,[ 1.6618063 -0.9284618]
0,[ 2.0800781 -1.9723747]
0,[ 2.0794358 -2.3497603]
0,[ 2.0984035 -2.2513504]
0,[ 1.8321675 -1.9852153]
1,[ 0.7940641  -0.21686918]
0,[ 1.6672896 -1.4061695]
0,[ 2.6391554 -2.0574641]
0,[ 2.596602  -2.7618775]
0,[ 1.8532906 -1.2729393]
1,[-1.83124    2.3431716]
0,[ 3.5426376 -2.7493584]
0,[ 2.2720566 -2.3619685]
0,[ 3.1236587 -2.8168397]
0,[ 3.5341187 -2.7552724]
0,[ 2.5224779 -2.5334644]
0,[ 2.661995  -2.6959949]
0,[ 1.9396996 -2.3165107]
0,[ 2.4860122 -2.1226673]
0,[ 3.44307   -2.2754524]
0,[ 2.572083  -2.2101572]
1,[-4.0733023  6.256997 ]
0,[ 1.674283 -1.647464]
0,[ 1.972357  -1.5162375]
0,[ 2.9863956 -2.245048 ]
0,[ 1.8567935 -1.7855034]
0,[ 2.1044972 -2.0239089]
0,[ 2.816712  -2.1690757]
0,[ 0.6942285 -0.3648163]
0,[ 3.041131  -2.4053082]
0,[ 1.7994072 -1.8642116]
0,[ 2.510123 -1.981881]
1,[-1.2000685  1.674488 ]
1,[-2.4903178  2.495053 ]
0,[ 2.4186246 -2.1769335]
0,[ 2.1303296 -1.9828852]
0,[ 4.635598  -3.4342766]
0,[ 4.3588333 -3.9496503]
0,[ 2.4542167 -2.5523262]
0,[ 1.7856369 -1.5686144]
0,[ 2.4942026 -1.5859555]
1,[0.26159975 1.168875  ]
0,[ 0.65950155 -1.1075215 ]
0,[ 2.863492  -2.5664277]
0,[ 2.184616 -1.989414]
0,[ 2.2276516 -2.3591821]
0,[ 2.685699  -2.4773376]
1,[0.4596785  0.43841276]
0,[ 2.396823 -2.892413]
0,[ 2.8568578 -2.5682058]
1,[-0.8931185  1.5086583]
1,[-1.5753963  1.8655369]
0,[ 2.699901  -2.6149294]
0,[ 2.487964  -2.4204235]
0,[ 2.6806998 -2.4777315]
0,[ 3.0259578 -2.8800545]
0,[ 1.6847332 -1.635769 ]
0,[ 3.072916 -2.441097]
0,[ 2.3949535 -2.358513 ]
0,[ 0.84039974 -0.7210298 ]
0,[ 2.4622808 -2.1908336]
0,[ 2.2484546 -1.6965171]
0,[ 1.7400199 -1.5583386]
0,[ 1.3423612 -0.6610112]
0,[ 2.659529  -2.2778366]
0,[ 2.218962  -1.5591129]
0,[ 1.9198155 -1.7415478]
0,[ 1.8299407 -1.6035244]
0,[ 2.2426805 -2.2694643]
0,[ 2.4298947 -2.016191 ]
0,[ 1.5986874 -1.2635666]
0,[ 1.7457088 -2.239471 ]
0,[ 1.4903548  -0.17165089]
0,[ 2.2664459 -1.8528578]
0,[ 2.7951367 -1.8749593]
0,[ 1.9348217 -2.5117722]
1,[-0.34442413  0.31641486]
1,[-2.940796   2.8815062]
1,[-2.1545727  2.346079 ]
1,[-1.449289   1.6621748]
0,[ 2.227651  -2.2888873]
0,[ 1.1153002 -1.2871715]
0,[ 2.4218824 -2.87515  ]
0,[ 1.3404987 -1.41197  ]
1,[0.41917923 0.07228297]
0,[ 2.487529  -2.9748507]
0,[ 2.8930871 -2.2787657]
1,[-0.5653051  1.2502229]
0,[ 2.9768572 -2.2576127]
0,[ 1.4850473 -1.335736 ]
0,[ 2.101822  -1.7383788]
0,[ 3.7022686 -3.401757 ]
0,[ 1.6768835 -1.7328823]
0,[ 1.0519295 -0.999711 ]
0,[ 2.2239237 -2.5275958]
0,[ 3.3720474 -3.4367003]
0,[0.59419453 0.20371209]
0,[ 2.2287188 -2.6595724]
0,[ 1.4466748 -1.1800326]
0,[ 2.0775297 -1.5971699]
0,[ 0.28758767 -0.6017328 ]
0,[ 2.1742797 -2.2779486]
0,[ 2.1433804 -2.2781968]
0,[ 2.3460267 -1.8269174]
0,[ 2.2276065 -2.6865926]
0,[ 2.3016372 -2.234257 ]
0,[ 2.149826  -1.3255736]
0,[ 2.6095533 -2.326569 ]
0,[ 1.698802 -2.437305]
0,[ 2.089325 -2.037277]
0,[ 0.427768  -0.4379963]
0,[ 1.1726588 -1.0498979]
0,[ 2.8177996 -2.8543098]
0,[ 2.5673223 -2.6354766]
0,[ 3.749819 -2.525547]
0,[ 1.5329744 -1.6951915]
0,[ 2.436104  -2.6445253]
0,[ 2.1395416 -2.0206432]
0,[-0.5224869   0.83917767]
0,[ 3.621394  -3.1291044]
0,[-0.82651955  1.6615757 ]
0,[ 1.1007428 -0.5489345]
0,[ 1.4132628 -1.0980717]
1,[-1.8902001  3.6069102]
0,[ 1.3239522 -1.3071618]
0,[0.4530517  0.17660612]
0,[ 3.1035826 -2.941822 ]
0,[ 2.0132706 -1.8441331]
0,[ 3.284631  -3.1739793]
0,[ 2.7067842 -2.5013154]
0,[ 1.2516742  -0.48905572]
0,[ 1.8090781 -2.4992378]
0,[ 3.0995579 -2.741152 ]
0,[ 3.3467731 -2.6635756]
0,[ 2.3672645 -2.4247215]
0,[ 2.363385  -2.9920266]
0,[-0.27894413  0.87496305]
0,[ 1.8548617 -0.610839 ]
0,[ 2.4560835 -2.7559617]
0,[ 2.2995586 -1.9310129]
0,[ 2.7839484 -2.5907772]
0,[ 2.5840206 -2.6507678]
0,[ 2.807228  -2.5729418]
0,[ 1.020998  -1.0613774]
0,[ 2.1320662 -2.1866732]
0,[ 1.5977275 -1.0020564]
0,[ 1.7171113  -0.62314534]
0,[ 2.5470371 -2.1899502]
0,[ 2.936249  -2.8417652]
0,[ 2.9371212 -2.0807605]
1,[-0.32083413  0.04802743]
0,[ 2.6838381 -1.5453776]
0,[ 0.90329015 -0.62273   ]
0,[ 2.4743474 -2.9853487]
0,[ 0.55774873 -0.35965204]
0,[ 2.5996008 -2.8524666]
0,[ 3.0777314 -3.715999 ]
0,[ 1.0912962  -0.10299127]
0,[ 3.8141222 -3.536293 ]
0,[ 2.4281895 -2.1947458]
0,[ 1.0907333 -1.4044651]
1,[ 0.79518014 -0.7387541 ]
0,[ 2.5794706 -1.9436591]
0,[ 4.0879407 -3.5741336]
0,[ 3.5121229 -4.278772 ]
1,[-1.6691844  2.105651 ]
0,[ 2.0227313 -1.3817202]
0,[ 2.1152122 -2.0157962]
0,[ 2.8553994 -1.6846606]
0,[ 2.0438082 -1.8065126]
0,[ 3.7644997 -3.2682245]
1,[ 0.6386532  -0.84801614]
0,[ 1.6949327 -1.7084152]
0,[ 1.10208   -1.1987985]
0,[ 2.8656569 -2.1459146]
0,[ 1.5537314 -1.2520443]
0,[ 2.738723  -2.5890856]
0,[ 0.6781563 -1.3160006]
0,[ 2.112988  -2.0654607]
0,[ 0.7236592 -1.0122545]
0,[ 2.0692987 -2.1346939]
0,[ 2.4664507 -2.259647 ]
0,[ 2.856589  -2.7636366]
0,[ 2.344737 -1.468304]
0,[ 1.367284  -1.1458844]
0,[ 1.0342593  -0.72239375]
0,[ 2.3749654 -2.3465328]
1,[-2.4199595  2.7402275]
0,[ 1.1154811 -1.5616524]
0,[ 3.2792492 -2.5458035]
0,[ 1.2313569 -0.6811121]
0,[ 2.28004   -2.3620882]
0,[ 3.1033022 -2.8959222]
0,[ 2.6817412 -2.6573164]
0,[ 1.7844547 -1.7433485]
0,[ 1.1475719 -1.5362138]
0,[ 2.779979  -2.9505496]
0,[ 1.4632267 -1.1795368]
0,[ 2.2707226 -2.046067 ]
0,[ 2.0959086 -2.2481563]
0,[ 2.278909  -1.9493885]
1,[-0.98073775  1.4291463 ]
0,[ 1.5353677 -1.680674 ]
0,[ 1.2388572  -0.85780996]
0,[-1.3679862  1.6082937]
0,[ 1.7284315 -1.533004 ]
0,[ 2.290948  -2.0741813]
0,[ 0.9079152  -0.36977884]
0,[ 1.9415329 -1.791751 ]
1,[-0.9764453   0.37593007]
0,[ 1.253329   -0.20689012]
0,[ 2.4347885 -2.1152606]
0,[ 2.0245495 -2.276672 ]
0,[ 2.4279993 -1.9594022]
0,[-0.12588957 -0.20278642]
0,[ 1.9058595 -1.8694371]
0,[ 2.8495965 -3.0117137]
1,[-0.32426044  0.759693  ]
0,[ 3.2689705 -2.9875698]
0,[ 1.4853537 -1.6502683]
0,[-2.7208335  3.8076997]
0,[ 2.652583  -2.9937956]
0,[ 2.6302152 -2.686283 ]
0,[ 0.53779465 -0.04585007]
0,[ 2.382402  -1.8210071]
0,[ 3.6651294 -2.91675  ]
0,[ 2.3841772 -2.1724746]
0,[ 3.781301  -2.9858131]
0,[ 0.80082875 -0.334656  ]
1,[ 0.35783055 -0.08111314]
0,[ 0.7207321 -0.848003 ]
0,[ 3.8588393 -3.1847358]
0,[ 3.297688  -2.2709272]
0,[ 0.9649611 -1.0647057]
0,[ 1.8032181 -1.5797302]
1,[-1.0568278  1.4344302]
0,[ 2.0319057 -1.5000601]
0,[ 1.268851  -1.4523982]
0,[ 2.1931746 -2.4975307]
0,[ 2.2098784 -1.8783718]
0,[ 1.3912879 -1.8164325]
0,[ 0.47795942 -0.14061208]
0,[ 2.3853054 -2.2944276]
0,[ 3.370127  -2.7150588]
1,[-0.6989515  1.0418415]
0,[ 2.5632515 -2.7872438]
0,[ 3.959856  -3.3319654]
0,[ 2.603263  -2.5942373]
0,[ 1.9138676 -1.6152122]
0,[ 4.3860836 -3.4516323]
0,[ 1.7086091 -1.8028799]
0,[ 2.1299207 -1.813269 ]
0,[ 2.5472302 -2.0280561]
0,[0.29284516 0.3327206 ]
1,[-2.4860773  3.4648507]
0,[ 2.203693  -1.9484038]
0,[ 1.6206839 -1.166214 ]
0,[ 1.539603  -1.3660511]
0,[ 1.7937572 -1.9322538]
0,[ 1.358309 -1.277283]
0,[ 4.055634  -2.5301113]
0,[ 2.5269494 -2.1932914]
0,[ 1.2797415 -1.6785061]
0,[ 2.1450477 -2.3804088]
0,[ 2.9771216 -2.4783306]
0,[ 2.582127 -2.761997]
0,[ 2.801749  -2.9052687]
0,[ 0.5776779 -0.9947538]
0,[ 0.6751092 -1.008666 ]
0,[ 2.2161872 -2.168907 ]
0,[ 2.5362065 -2.3871834]
0,[ 2.4930112 -2.140243 ]
0,[ 2.8175313 -2.9039936]
0,[ 2.826876  -2.3374746]
0,[ 2.3815527 -2.436842 ]
0,[ 2.0604186 -1.6171759]
0,[ 3.379462  -2.8935456]
0,[ 2.7994466 -2.4448066]
1,[-1.0339901  1.1263689]
0,[ 3.055774 -2.73193 ]
1,[0.65369576 0.1082624 ]
0,[ 2.1551042 -2.3379014]
0,[ 3.0448809 -3.3596802]
1,[-2.0179129  3.1726506]
0,[ 2.508561  -2.5349264]
0,[ 1.7885394 -1.9252535]
0,[ 2.804998  -2.8980174]
1,[0.3852493 1.162678 ]
0,[ 2.1242254 -1.9116585]
0,[ 2.3306332 -1.514527 ]
1,[-1.6809832  2.2467427]
0,[ 1.6225481 -2.1833436]
0,[ 4.0278015 -3.4332733]
0,[ 1.4311205 -1.1506351]
0,[ 3.0754616 -2.2769613]
0,[ 2.5475714 -2.4497712]
0,[ 3.4581    -3.1888099]
0,[ 2.0461707 -1.857789 ]
0,[ 2.3731353 -2.4311244]
0,[ 1.4977299 -2.1476996]
0,[ 1.6808437 -2.0413904]
0,[ 2.7538023 -3.3879259]
0,[ 2.1812587 -2.2778308]
0,[ 2.4981577 -2.8114517]
0,[ 1.3042603  -0.67724574]
0,[ 1.5415891 -1.5360812]
0,[ 1.5214542  -0.69922084]
0,[ 3.4398725 -3.3186212]
0,[ 2.8012712 -3.2830596]
1,[ 0.9824557  -0.94507533]
0,[ 2.7275784 -2.2301085]
1,[0.3604272 1.0489916]
0,[ 2.479056 -1.815048]
0,[ 2.237928  -1.4591422]
0,[ 3.197103 -3.277177]
0,[ 3.0878963 -2.5207753]
0,[ 2.024608 -1.211427]
0,[ 3.3282814 -2.9121418]
0,[ 3.0126984 -2.3834338]
0,[ 1.5799024 -1.589734 ]
0,[ 3.080987  -2.5298698]
0,[ 3.0249763 -2.5681424]
0,[ 1.3827299  -0.20632014]
0,[ 2.80404   -3.0609264]
0,[ 2.4989705 -2.249246 ]
0,[ 3.3243597 -2.6950443]
0,[ 1.7816298 -1.8346959]
0,[ 2.0771627 -2.2770295]
0,[ 4.0566163 -3.4018993]
0,[ 1.6342379 -1.5943229]
0,[ 1.7407527 -1.8336526]
0,[ 1.5769651 -1.5971719]
0,[ 2.0516524 -1.4146464]
0,[ 2.1203768 -1.7920736]
0,[ 2.5148869 -1.51525  ]
0,[ 2.1346877 -1.7732242]
0,[ 1.3638489 -1.3678269]
0,[ 1.6916176 -1.3400627]
0,[ 1.7788732 -1.1305852]
1,[ 1.0981147  -0.03006327]
0,[ 2.6278605 -2.381743 ]
1,[-0.10626613  0.05959518]
0,[ 3.2694767 -2.620827 ]
0,[ 1.4765779 -1.8613833]
1,[-0.8808971  1.9926435]
0,[ 1.3607596 -0.7799005]
0,[ 3.7842007 -3.636949 ]
0,[ 0.8167556 -1.9627049]
0,[ 1.963901  -2.0573127]
0,[ 2.2216868 -1.4023558]
0,[ 2.481668 -2.625177]
0,[-0.13494147  0.76924264]
0,[ 2.160805  -1.5225084]
0,[ 2.1500044 -2.2056077]
0,[ 2.3584557 -2.6754093]
0,[ 2.5448325 -2.5251126]
0,[ 2.3751242 -2.0520556]
0,[ 4.023055 -2.907967]
0,[ 3.666667 -3.142429]
0,[ 3.3873422 -3.1380517]
0,[ 2.6936848 -2.7971013]
0,[ 2.6883545 -3.4671056]
0,[ 3.2917798 -3.5713935]
0,[ 3.179319  -3.0938435]
0,[ 1.4464997 -1.9214883]
0,[ 2.327949 -2.684085]
0,[ 1.5952836  -0.35243383]
0,[ 2.1771457 -2.2890246]
0,[ 1.8671029 -1.8128642]
0,[ 2.949972 -2.290671]
0,[ 1.6435436 -1.8649056]
0,[ 1.1923789  -0.92734176]
0,[ 2.6878474 -2.4818492]
0,[ 2.496291  -2.5248353]
1,[-0.9945212  1.1223855]
0,[ 2.0904036 -2.1764011]
0,[ 1.9404563 -2.5782719]
0,[ 2.5738971 -2.9930391]
0,[ 2.3139374 -1.5256206]
0,[ 0.81930476 -1.285866  ]
0,[ 1.4268839  -0.40957305]
0,[ 3.5105205 -3.6716495]
0,[ 3.0974648 -2.7674954]
0,[ 2.4756556 -2.276456 ]
0,[ 1.278835   -0.72189224]
1,[-0.9958666  1.4085763]
0,[ 2.8655531 -2.5153458]
0,[ 2.398897 -1.897304]
0,[ 1.0573299 -1.3296249]
0,[ 2.5565755 -2.0795562]
0,[ 1.6667    -0.9765677]
0,[ 3.0857832 -3.1413953]
0,[ 2.9478798 -2.5773163]
0,[ 2.2752833 -2.233629 ]
0,[ 0.16502815 -0.73135585]
0,[ 3.5810769 -3.3846912]
0,[ 2.6905978 -2.7041361]
0,[ 2.0416846 -2.3431354]
0,[ 3.2911904 -2.5941284]
0,[ 0.4719588 -1.1662621]
0,[ 1.6803669 -1.637389 ]
0,[ 1.2090877 -1.5260222]
0,[ 1.8730683 -2.616382 ]
0,[ 2.706913  -2.4213526]
0,[ 1.20494   -1.3120623]
0,[ 2.5911696 -2.4952452]
0,[ 2.6152358 -2.8666723]
0,[ 2.5078344 -1.6411501]
0,[ 2.191382  -1.5791241]
0,[ 1.0066581 -1.1113731]
0,[ 2.1258175 -2.2449932]
0,[ 1.7778211 -1.9046496]
0,[ 2.5374439 -2.5032349]
0,[ 1.002356  -1.1158664]
0,[ 1.9394948 -1.5759411]
0,[ 2.08019   -1.8733598]
0,[ 3.7613344 -3.7487655]
0,[ 1.7757075 -1.6699529]
0,[ 4.4804645 -4.051473 ]
0,[ 1.3559597  -0.60684925]
0,[ 2.3731291 -2.4819164]
0,[ 1.9459348 -1.1578406]
0,[ 1.4806429 -1.0099072]
0,[ 3.3497088 -2.3785102]
0,[ 1.709214   -0.84436065]
0,[ 2.7466085 -2.5959523]
0,[ 3.3560653 -3.0373619]
0,[ 2.5548546 -2.6518083]
0,[ 1.4610484 -1.6947134]
0,[ 1.3473206 -1.2364062]
0,[ 2.1220672 -2.92042  ]
0,[ 0.52237827 -0.4015254 ]
0,[ 0.21190493 -0.0916944 ]
0,[ 2.8694632 -2.2406747]
1,[-2.0261807  3.012365 ]
0,[ 2.732694  -2.5327408]
0,[ 2.5079062 -1.9843646]
0,[ 1.1318383 -1.3246864]
0,[ 1.77565   -1.2270125]
0,[ 1.6169237 -1.7336525]
1,[-2.710492  2.933871]
0,[ 4.08595   -3.6537583]
0,[ 3.0172946 -2.69015  ]
0,[ 2.2753081 -2.2144008]
1,[-0.70658666  1.0286709 ]
0,[ 0.9907126 -1.5013589]
0,[ 2.7468395 -1.9479066]
0,[ 1.1345654 -1.0957265]
0,[ 2.033612  -2.6123953]
0,[ 2.980589  -1.7170595]
0,[ 3.5477705 -3.8129025]
0,[ 1.6684026 -1.2141522]
0,[ 1.7258043 -2.1262226]
0,[ 3.3049486 -2.5382838]
0,[ 2.6961737 -2.4274526]
0,[ 2.4777763 -2.5697818]
0,[-0.06362373  0.2917466 ]
0,[ 2.3773904 -2.8994074]
0,[ 2.493082  -1.5877461]
0,[ 2.6953888 -2.532119 ]
0,[ 2.802033  -2.6027927]
0,[ 1.5365825 -1.4827776]
0,[ 1.865404  -1.2665207]
0,[ 0.5202491 -0.8258574]
0,[ 2.8932316 -2.3136497]
0,[ 1.7823898 -1.7664465]
0,[ 3.333236  -3.1062183]
0,[ 1.6061463 -2.2566433]
0,[ 2.4042645 -1.8315612]
0,[ 2.978467  -2.6314847]
0,[ 2.6868064 -3.0611942]
0,[ 1.7811294 -2.3142986]
0,[ 3.2702792 -2.4328024]
0,[ 1.7234328 -1.9506305]
0,[ 2.3193028 -1.5908579]
0,[ 3.3658452 -2.8228333]
0,[ 3.9015353 -3.1169984]
0,[ 2.6571546 -2.6792426]
1,[-2.258667  3.194466]
0,[ 2.5851836 -2.8093724]
0,[ 2.770669  -2.1887443]
0,[ 1.7492387 -1.5721812]
0,[ 1.0310256  -0.27382082]
0,[ 2.2117589 -2.3694458]
1,[-0.8163069  1.028605 ]
0,[ 3.198282  -2.9149082]
0,[ 1.4543017 -1.3012482]
0,[ 1.5241846 -1.6244284]
0,[ 2.8168519 -2.3979657]
0,[ 3.3444192 -2.502234 ]
0,[ 0.3547943 -0.2649396]
0,[ 3.0644963 -2.7478538]
0,[ 0.9238986 -0.7154953]
0,[ 2.2024465 -2.9096656]
0,[ 2.0341399 -2.2788877]
1,[-2.0922534  2.862415 ]
0,[ 3.1959915 -2.672039 ]
0,[ 0.46454683 -1.1409891 ]
0,[ 2.3806722 -2.4351158]
0,[-0.5177965   0.39728197]
0,[ 0.9685262  -0.60711616]
0,[ 1.5225899 -1.4390976]
1,[-1.9715315  1.950402 ]
0,[ 1.1284945 -1.1028244]
0,[ 2.2455535 -1.4183228]
0,[ 1.2228423 -1.0766164]
0,[-0.9707174  1.1289101]
0,[ 2.9004016 -2.9386036]
0,[ 2.3402948 -1.8314853]
1,[ 2.038916  -1.5174721]
0,[ 2.337306  -1.9367648]
0,[ 1.6950046 -1.2373338]
0,[ 2.2624202 -1.4508538]
0,[ 3.2038362 -3.0351748]
0,[ 2.3370976 -3.0037587]
0,[ 3.6023664 -3.0528042]
0,[ 1.2625142 -1.1763084]
0,[ 2.432372  -2.7451603]
0,[ 1.8851871 -2.4838345]
0,[ 1.6451477 -1.6511548]
0,[ 3.3558636 -3.7393847]
0,[ 2.5001287 -2.6171613]
0,[ 2.834945  -2.7198424]
0,[ 3.6906161 -3.0568695]
0,[ 1.7009387 -1.2065628]
0,[ 2.4521704 -1.6679881]
0,[ 2.247908  -2.2942402]
0,[ 2.7642357 -2.9672837]
0,[ 3.5595396 -2.6080978]
0,[ 3.5041952 -2.6046066]
0,[ 1.3735435 -1.0561472]
0,[ 0.7350147 -1.1288496]
0,[ 2.4260442 -2.4762251]
0,[ 1.7482128 -1.4897007]
0,[ 3.4302046 -2.8429668]
0,[ 2.5064871 -2.090729 ]
0,[ 2.4206   -2.219892]
0,[ 2.347408  -1.6263242]
0,[ 2.2189093 -2.1688457]
0,[ 2.2497392 -2.4844902]
0,[ 3.353599 -2.665331]
0,[ 2.4579217 -2.716923 ]
0,[ 2.499528  -1.8258619]
0,[ 3.4879522 -2.9595747]
0,[ 3.1051257 -3.2417924]
0,[ 3.2620413 -2.1933684]
0,[ 2.582651  -1.8962429]
0,[ 3.0728908 -2.767281 ]
0,[ 2.3764281 -1.3890512]
0,[ 1.5116942 -1.7781997]
1,[-1.5978262  2.3737023]
1,[-1.9752438  2.203545 ]
0,[ 1.136329  -0.9538433]
0,[ 2.4307137 -2.8340306]
0,[ 2.8542984 -2.9498353]
0,[-2.7643206  3.5051205]
0,[ 2.101817  -1.8641626]
0,[ 0.960561  -0.5037877]
0,[ 2.7403598 -2.193882 ]
0,[ 3.364659  -3.5754092]
0,[ 1.7063357 -1.9905399]
0,[ 1.4250946 -1.0593842]
0,[ 2.2863693 -2.3983355]
0,[ 3.2834687 -2.9510908]
1,[-1.0440246  2.3975484]
0,[ 2.460313  -2.4259412]
0,[ 2.7263894 -2.6573958]
0,[ 2.3474326 -1.8804357]
0,[ 3.0108035 -2.7303007]
0,[ 2.7679548 -3.3051865]
0,[ 2.2416701 -2.3023834]
0,[ 3.0800192 -2.3804126]
0,[ 1.433069  -1.2301433]
0,[ 1.3297254 -0.5101524]
0,[ 2.6063948 -2.2624075]
0,[ 1.5337029 -1.333481 ]
0,[ 3.31741   -3.0063083]
1,[-1.8894577  1.7375425]
1,[-0.93944496  0.9293553 ]
0,[ 1.2614137 -1.3591186]
1,[-0.859785   1.1702343]
0,[ 3.2047145 -3.2480514]
0,[ 2.2257712 -1.69853  ]
0,[ 3.0995588 -2.5693657]
0,[ 0.23291907 -0.00747817]
0,[ 2.237447  -2.6724324]
1,[-0.15766665  1.0021968 ]
0,[-1.1720771  1.4937147]
1,[-0.11641443  2.0586534 ]
0,[ 2.8132534 -2.899677 ]
0,[ 1.8701812 -1.7293073]
0,[ 0.9833258 -1.0877603]
0,[ 2.7047663 -2.582772 ]
0,[ 2.230888  -2.1939926]
0,[ 2.240867 -2.043371]
0,[ 2.1865616 -1.7708633]
0,[ 2.1130385 -1.9701731]
0,[ 1.3395749 -1.736775 ]
0,[ 1.903392  -2.4601364]
1,[-3.2309828  4.055713 ]
0,[ 1.0917089 -1.2173576]
0,[ 2.770166  -2.3187544]
0,[ 2.5835223 -2.862571 ]
0,[ 0.56646615 -1.2511446 ]
0,[ 1.8391414 -1.2899247]
0,[ 2.3698854 -1.9938989]
0,[ 1.8195932  -0.29867515]
0,[ 1.3337442 -1.1810329]
1,[0.7998795 0.1317635]
0,[ 2.1396391 -2.2093422]
1,[ 1.3211056 -1.2709682]
0,[ 3.4522347 -3.314865 ]
0,[ 0.16653356 -0.10469498]
0,[ 2.3595612 -2.9441047]
0,[ 1.0569403 -1.2123293]
0,[ 3.4306977 -2.496625 ]
0,[ 0.99681526 -1.7632686 ]
1,[-1.8342975  2.4128819]
0,[ 2.190336  -2.3016012]
0,[ 2.3659003 -1.8773667]
1,[-0.9066745  1.3625408]
0,[ 3.0740309 -3.088575 ]
0,[ 1.9186082 -1.8926868]
0,[ 1.2021354  -0.80925083]
0,[ 2.771075  -3.0300426]
0,[ 2.1979156 -2.1129818]
0,[ 0.64396966 -0.680397  ]
0,[ 0.7066209  -0.27829978]
1,[-2.4843006  3.5341196]
0,[ 3.4897158 -2.768773 ]
0,[ 1.821301  -1.7637879]
0,[ 2.565349  -2.5400374]
1,[ 0.19032258 -0.39213938]
0,[ 1.8689419 -1.3181405]
